-- phpMyAdmin SQL Dump
-- version 5.2.1
-- https://www.phpmyadmin.net/
--
-- 主機： 127.0.0.1
-- 產生時間： 2024 年 07 月 30 日 03:25
-- 伺服器版本： 8.0.36
-- PHP 版本： 8.1.25

SET SQL_MODE = "NO_AUTO_VALUE_ON_ZERO";
START TRANSACTION;
SET time_zone = "+00:00";


/*!40101 SET @OLD_CHARACTER_SET_CLIENT=@@CHARACTER_SET_CLIENT */;
/*!40101 SET @OLD_CHARACTER_SET_RESULTS=@@CHARACTER_SET_RESULTS */;
/*!40101 SET @OLD_COLLATION_CONNECTION=@@COLLATION_CONNECTION */;
/*!40101 SET NAMES utf8mb4 */;

--
-- 資料庫： `project`
--

CREATE DATABASE IF NOT EXISTS `project` DEFAULT CHARACTER SET utf8mb4 COLLATE utf8mb4_general_ci;
USE `project`;

-- --------------------------------------------------------

--
-- 資料表結構 `achievements`
--

CREATE TABLE `achievements` (
  `id` int NOT NULL,
  `levels` int NOT NULL,
  `coin` int NOT NULL DEFAULT '0',
  `customer_id` int NOT NULL
) ENGINE=InnoDB DEFAULT CHARSET=utf8mb4 COLLATE=utf8mb4_general_ci;

--
-- 傾印資料表的資料 `achievements`
--

INSERT INTO `achievements` (`id`, `levels`, `coin`, `customer_id`) VALUES
(1, 10, 75, 1),
(2, 20, 0, 2),
(3, 30, 0, 3),
(4, 40, 0, 4),
(5, 50, 0, 5),
(6, 60, 0, 6),
(7, 70, 0, 7),
(8, 80, 0, 8),
(9, 90, 0, 9),
(10, 100, 0, 10),
(11, 110, 0, 11),
(12, 120, 0, 12),
(13, 130, 0, 13),
(14, 140, 0, 14),
(15, 150, 0, 15),
(16, 160, 0, 16),
(17, 170, 0, 17),
(18, 180, 0, 18),
(19, 190, 0, 19),
(20, 200, 0, 20),
(21, 210, 0, 21),
(22, 220, 0, 22),
(23, 230, 0, 23),
(24, 240, 0, 24),
(25, 250, 0, 25),
(26, 260, 0, 26),
(27, 270, 0, 27),
(28, 280, 0, 28),
(29, 290, 0, 29),
(30, 300, 0, 30),
(31, 310, 0, 31),
(32, 320, 0, 32),
(33, 330, 0, 33),
(34, 340, 0, 34),
(35, 350, 0, 35),
(36, 360, 0, 36),
(37, 370, 0, 37),
(38, 380, 0, 38),
(39, 390, 0, 39),
(40, 400, 0, 40),
(41, 410, 0, 41),
(42, 420, 0, 42),
(43, 430, 0, 43),
(44, 440, 0, 44),
(45, 450, 0, 45),
(46, 460, 0, 46),
(47, 470, 0, 47),
(48, 480, 0, 48),
(49, 490, 0, 49),
(50, 500, 0, 50),
(51, 510, 0, 51),
(52, 520, 0, 52),
(53, 530, 0, 53),
(54, 540, 0, 54),
(55, 550, 0, 55),
(56, 560, 0, 56),
(57, 570, 0, 57),
(58, 580, 0, 58),
(59, 590, 0, 59),
(60, 600, 0, 60),
(61, 610, 0, 61),
(62, 620, 0, 62),
(63, 630, 0, 63),
(64, 640, 0, 64),
(65, 650, 0, 65),
(66, 660, 0, 66),
(67, 670, 0, 67),
(68, 680, 0, 68),
(69, 690, 0, 69),
(70, 700, 0, 70),
(71, 710, 0, 71),
(72, 720, 0, 72),
(73, 730, 0, 73),
(74, 740, 0, 74),
(75, 750, 0, 75),
(76, 760, 0, 76),
(77, 770, 0, 77),
(78, 780, 0, 78),
(79, 790, 0, 79),
(80, 800, 0, 80),
(81, 810, 0, 81),
(82, 820, 0, 82),
(83, 830, 0, 83),
(84, 840, 0, 84),
(85, 850, 0, 85),
(86, 860, 0, 86),
(87, 870, 0, 87),
(88, 880, 0, 88),
(89, 890, 0, 89),
(90, 900, 0, 90),
(91, 910, 0, 91),
(92, 920, 0, 92),
(93, 930, 0, 93),
(94, 940, 0, 94),
(95, 950, 0, 95),
(96, 960, 0, 96),
(97, 970, 0, 97),
(98, 980, 0, 98),
(99, 990, 0, 99),
(100, 1000, 0, 100);

-- --------------------------------------------------------

--
-- 資料表結構 `admin`
--

CREATE TABLE `admin` (
  `id` int NOT NULL,
  `email` varchar(50) CHARACTER SET utf8mb4 COLLATE utf8mb4_general_ci NOT NULL,
  `nickname` varchar(100) CHARACTER SET utf8mb4 COLLATE utf8mb4_general_ci NOT NULL,
  `password` varchar(1000) CHARACTER SET utf8mb4 COLLATE utf8mb4_general_ci NOT NULL
) ENGINE=InnoDB DEFAULT CHARSET=utf8mb4 COLLATE=utf8mb4_general_ci;

--
-- 傾印資料表的資料 `admin`
--

INSERT INTO `admin` (`id`, `email`, `nickname`, `password`) VALUES
(1, 'admin', 'admin', '$2y$10$eiLwtzA9dwAS/tMwzPQtbuIlAG.4fsxA3dXy.qwv8ibqei7SJdUTe');

-- --------------------------------------------------------

--
-- 資料表結構 `blog`
--

CREATE TABLE `blog` (
  `id` int NOT NULL,
  `title` varchar(255) CHARACTER SET utf8mb4 COLLATE utf8mb4_general_ci DEFAULT NULL,
  `author` varchar(255) CHARACTER SET utf8mb4 COLLATE utf8mb4_general_ci DEFAULT NULL,
  `content` text CHARACTER SET utf8mb4 COLLATE utf8mb4_general_ci,
  `create_at` datetime NOT NULL DEFAULT CURRENT_TIMESTAMP
) ENGINE=InnoDB DEFAULT CHARSET=utf8mb4 COLLATE=utf8mb4_general_ci;

--
-- 傾印資料表的資料 `blog`
--

INSERT INTO `blog` (`id`, `title`, `author`, `content`, `create_at`) VALUES
(1, '【露營】露營生火技巧指南', '1', '<h3>露營生火技巧指南</h3><p>生火是露營中最重要的技能之一，掌握這些技巧能讓你在野外輕鬆生火，保持溫暖，並享受煮食的樂趣。以下是一些實用的生火技巧：</p><h4>1. 準備工作</h4><ul><li><strong>選擇合適的位置</strong>：選擇一個平坦、無風且遠離可燃物的地方，最好有石圈圍繞，防止火勢蔓延。</li><li><strong>清理地面</strong>：清除地面上的枯葉、草和其他可燃物，確保周圍環境乾淨。</li></ul><h4>2. 生火材料</h4><ul><li><strong>引火物</strong>：這些是能快速點燃的小物品，如乾草、枯葉、樹皮、棉花球或商店購買的引火塊。</li><li><strong>小枝和樹枝</strong>：選擇乾燥的細枝、樹枝來建立火的基礎，這些材料易於燃燒，並能迅速產生火焰。</li><li><strong>大木材</strong>：一旦小枝點燃後，可以添加較大的木塊，這些木塊能提供持久的火源和穩定的熱量。</li></ul><h4>3. 生火方法</h4><ul><li><strong>搭建金字塔</strong>：將引火物放在底部，然後用小枝和樹枝搭建一個小金字塔結構。點燃引火物，火焰會沿著小枝向上燃燒，逐漸點燃較大的木材。</li><li><strong>交叉堆放</strong>：將小枝和樹枝交叉堆放在引火物上方，形成一個網狀結構，有助於火焰順利蔓延。</li><li><strong>加強通風</strong>：確保火堆有足夠的空氣流通，火焰需要氧氣才能燃燒。你可以用嘴輕輕吹氣，或使用小風扇來幫助引火。</li></ul><h4>4. 生火工具</h4><ul><li><strong>打火機和火柴</strong>：這是最簡單的生火工具，隨身攜帶以備不時之需。</li><li><strong>火鋼和火石</strong>：這是一種可靠的生火工具，即使在潮濕環境下也能產生火花。</li><li><strong>放大鏡</strong>：在陽光充足的情況下，可以利用放大鏡集中陽光，點燃引火物。</li></ul><h4><br></h4><h4><img src=\"http://localhost:3005/img-blog/202407221619521643091.jpg\">5. 安全措施</h4><ul><li><strong>監控火焰</strong>：生火後，應時刻監控火焰，避免火勢蔓延。</li><li><strong>備用滅火設備</strong>：隨身攜帶水桶、沙子或滅火器，以防火勢失控。</li><li><strong>熄火後處理</strong>：離開營地前，確保火焰完全熄滅，並用水或沙子覆蓋火堆，確保不留餘燼。</li></ul><p>掌握這些生火技巧，不僅能讓你在露營時輕鬆生火，還能確保你的露營活動更加安全和愉快。祝你下一次的露營旅程愉快！</p>', '2024-05-09 10:14:07'),
(2, '【釣魚】露營釣魚的完美體驗', '1', '<h4></h4><p>露營釣魚是遠離城市喧囂、親近自然的理想方式。這項活動不僅可以讓人放鬆心情，還能體驗捕魚的樂趣，享受與家人朋友共度的美好時光。</p><h4>選擇合適的露營地</h4><p>選擇合適的露營地是露營釣魚成功的關鍵。理想的露營地應該有寬敞的空間、清澈的湖泊或河流，以及適合釣魚的環境。在選擇露營地之前，應提前查詢釣魚許可證和當地的規定。</p><h4>準備裝備</h4><p>釣魚和露營的裝備是活動中不可或缺的一部分。釣魚裝備包括釣竿、釣線、釣鉤和誘餌等；露營裝備則包括帳篷、睡袋、炊具和照明設備。確保所有裝備都經過檢查並妥善打包。</p><h4>搭建營地</h4><p>到達露營地後，第一步是搭建營地。選擇一個平坦的地面，遠離水源和風大的地方。搭建帳篷時，注意固定好帳篷以防風雨侵襲，並安排好休息區和烹飪區。</p><h4>釣魚技巧</h4><p>釣魚是一門技術活，了解一些基本的釣魚技巧會讓你的體驗更加愉快。選擇合適的釣點、根據魚種選擇適當的誘餌和釣鉤，並掌握拋竿和收線的技巧，這些都是成功釣魚的要素。</p><h4>享受戶外烹飪</h4><p>釣到魚後，最令人期待的就是戶外烹飪了。新鮮的魚可以簡單地用鹽和胡椒調味，然後用火烤或煎煮。享受自己捕獲的新鮮美食，這是露營釣魚的最大樂趣之一。</p><h4>與自然共舞</h4><p>露營釣魚的過程中，還能與自然親密接觸。早晨的露水、傍晚的夕陽、夜晚的星空，這些都是平日難得一見的美景。觀察野生動物、聆聽鳥鳴，感受大自然的寧靜和美好。</p><h4>保持環境清潔</h4><p>在享受露營釣魚樂趣的同時，保護環境也是非常重要的。帶走所有垃圾，避免污染水源和破壞植被，確保露營地和釣魚地點保持原始的自然狀態。</p><p><img src=\"http://localhost:3005/img-blog/202407271645294928468.jpg\"></p><h4>第九段：分享經驗</h4><p>與家人朋友一起露營釣魚，可以增進彼此的感情。一起搭建營地、一起釣魚、一起烹飪和分享美食，這些都是難忘的回憶。回到城市後，可以和更多的人分享這次經歷，激發他們對大自然的熱愛。</p><h4>總結</h4><p>露營釣魚是一項充滿樂趣和挑戰的戶外活動。從選擇露營地、準備裝備、搭建營地到釣魚和享受戶外美食，每一個環節都充滿了驚喜和樂趣。無論是與家人、朋友還是獨自一人，這都是一段值得珍惜的美好時光。</p>', '2024-05-09 16:23:17'),
(3, '露營星空觀賞的極致享受', '1', '<h4></h4><p>露營星空觀賞是一種獨特的戶外體驗，讓人得以遠離城市的光污染，享受純淨的夜空。無論是與朋友、家人還是獨自一人，這都是一種令人心靈寧靜的活動。</p><h4>選擇合適的露營地</h4><p>選擇一個遠離城市光害的露營地是星空觀賞的首要步驟。理想的露營地應該有開闊的視野、少量的人為燈光，以及安全舒適的營地設施。事先了解天氣情況也是至關重要的。</p><h4>準備裝備</h4><p>星空觀賞需要一些特定的裝備。除了基本的露營裝備如帳篷、睡袋和照明工具外，一個穩定的天文望遠鏡或雙筒望遠鏡，星圖和紅光手電筒（不會影響夜視能力）也是必要的。</p><h4>搭建營地</h4><p>到達露營地後，選擇一個平坦、視野開闊的地方搭建營地。避免選擇樹木密集或地形起伏較大的地方，以確保最佳的觀星效果。搭建好帳篷後，準備好觀星的位置和裝備。</p><h4>了解星空</h4><p>在觀賞星空之前，先了解一下星座和主要天體的位置和特點。這樣可以在觀星時更容易找到特定的星座和天體。使用星圖或手機應用來輔助觀測，會讓整個過程更加有趣。</p><h4>夜間觀賞技巧</h4><p>夜間觀賞星空需要一些技巧。讓眼睛適應黑暗大約需要20分鐘，因此要避免使用強光。紅光手電筒是理想的照明工具，不會破壞夜視能力。使用天文望遠鏡或雙筒望遠鏡觀察細節。</p><h4>享受寧靜時光</h4><p>在寧靜的夜晚仰望星空，是一種難得的放鬆體驗。傾聽大自然的聲音，感受夜風的輕拂，讓心靈與宇宙共鳴。這種寧靜和深遠的感覺，是城市生活中難以體會的。</p><h4>攝影技巧</h4><p>如果你想記錄下這美麗的星空景象，學習一些基礎的天文攝影技巧會很有幫助。使用穩定的三腳架、長時間曝光和合適的光圈設置，可以拍出清晰的星空照片。捕捉流星或銀河是特別有挑戰和成就感的。</p><h4>與他人分享</h4><p>與家人和朋友一起分享這次露營星空觀賞的經歷，可以增進彼此的感情。在觀星過程中互相交流，分享自己對星空的認識和感受，是一件非常愉快的事情。也可以在社交媒體上分享照片和心得，激發更多人對星空的興趣。</p><h4><br></h4><h4><img src=\"http://localhost:3005/img-blog/20240727165710564802.jpg\">總結</h4><p>露營星空觀賞是一項令人難忘的戶外活動。從選擇露營地、準備裝備、搭建營地到觀賞和拍攝星空，每一個環節都充滿了樂趣和挑戰。這不僅是一次與大自然親密接觸的機會，也是一次心靈的洗滌。無論是對於天文愛好者還是普通人，這都是一段值得珍惜的美好時光。</p>', '2024-05-09 16:23:17'),
(4, '露營與螢火蟲的魔幻之旅', '1', '<h4></h4><p>在夏夜的露營地，看到螢火蟲點亮夜空，是一種夢幻般的體驗。這些小小的發光生物，讓大自然的夜晚充滿了魔力和浪漫氣息。</p><h4>選擇合適的露營地</h4><p>要享受螢火蟲之夜，選擇一個螢火蟲活躍的露營地是至關重要的。這些地方通常是濕地、森林邊緣或有水源的草地。了解螢火蟲的習性和最佳觀賞時間，能夠讓你的露營之夜更加精彩。</p><p><br></p><h4>準備裝備</h4><p>露營的裝備是確保舒適和安全的關鍵。帳篷、睡袋、照明工具、驅蚊劑和適合拍攝螢火蟲的攝影器材都是必要的裝備。此外，準備一些輕便的野餐食品和水，也是不可忽視的細節。</p><h4>搭建營地</h4><p>到達露營地後，選擇一個平坦、安全的地方搭建營地。盡量避免過於靠近水邊，以防蚊蟲叮咬和其他潛在的危險。搭建好帳篷後，安排好休息區和活動區，確保有足夠的空間觀賞螢火蟲。</p><h4>了解螢火蟲</h4><p>在觀賞螢火蟲之前，了解一些關於它們的知識會讓體驗更加豐富。螢火蟲的發光原理、生活習性以及不同種類的螢火蟲，都值得探索。這些知識不僅增加了趣味性，還能幫助我們更好地保護這些小生靈。</p><h4>夜間觀賞技巧</h4><p>夜間觀賞螢火蟲需要一些技巧。保持安靜，避免使用強光源，因為這會影響螢火蟲的活動。使用紅光手電筒是比較好的選擇，不會打擾螢火蟲的自然節奏。耐心等待，靜靜地欣賞它們的光芒。</p><p><img src=\"http://localhost:3005/img-blog/202407271704082735471.jpg\"></p><h4>攝影技巧</h4><p>如果想要記錄下這美麗的瞬間，學習一些基礎的夜間攝影技巧會很有幫助。使用穩定的三腳架、長時間曝光和合適的光圈設置，可以拍出清晰的螢火蟲照片。捕捉它們在夜空中的光跡，是一種特別有成就感的事情。</p><h4>享受夜晚</h4><p>在螢火蟲的陪伴下，享受夜晚的寧靜和美好。聆聽夜間的自然聲音，感受微風的輕拂，讓心靈與大自然融為一體。這是一種難得的放鬆和沉靜，讓人忘卻城市生活的繁忙和壓力。</p><p><img src=\"http://localhost:3005/img-blog/202407271704475897711.jpg\"></p><h4>保護環境</h4><p>在享受螢火蟲之夜的同時，保護環境是我們的責任。不要隨意採摘螢火蟲，不要破壞它們的棲息地，帶走所有的垃圾。這樣才能確保未來的露營者也能享受到這美麗的景象。</p><h4>總結</h4><p>露營與螢火蟲的相遇，是一段令人難忘的美好經歷。從選擇露營地、準備裝備、搭建營地到了解和觀賞螢火蟲，每一個環節都充滿了驚喜和樂趣。這不僅是一種戶外活動，更是一種心靈的洗滌和自然的禮贈。無論是與家人朋友還是獨自一人，這都是一段值得珍惜的美好時光。</p>', '2024-05-09 16:23:17'),
(5, '露營與獨木舟的冒險之旅', '1', '<h3>露營與獨木舟的冒險之旅</h3><h4><br></h4><p>露營與獨木舟結合在一起，是一場充滿挑戰和樂趣的冒險之旅。這種活動讓你能夠探索自然的美景，體驗水上運動的刺激，同時享受露營的寧靜與放鬆。</p><h4>選擇合適的露營地</h4><p>選擇一個適合獨木舟活動的露營地是成功的關鍵。理想的地點應該有平靜的湖泊或緩流的河流，並且周圍有適合搭建營地的平坦區域。提前了解當地的水情和天氣預報，以確保活動的安全。</p><h4>準備裝備</h4><p>露營和獨木舟活動需要特定的裝備。除了基本的露營裝備如帳篷、睡袋和炊具外，還需要準備獨木舟、划槳、救生衣和防水袋等。確保所有裝備都經過檢查並妥善打包，以應對各種可能的情況。</p><h4>搭建營地</h4><p>到達露營地後，選擇一個靠近水源且安全的地方搭建營地。避免過於靠近水邊，以防潮水或洪水。搭建好帳篷後，確保有一個乾燥的地方存放獨木舟和其他裝備，並安排好休息區和烹飪區。</p><p><img src=\"http://localhost:3005/img-blog/202407271709374856847.jpg\"></p><h4>獨木舟技巧</h4><p>掌握一些基本的獨木舟技巧，會讓你的水上探險更加順利。學習如何正確划槳、轉彎和控制獨木舟的平衡，是確保安全和順利航行的關鍵。初學者可以先在平靜的水面上練習，逐漸增加難度。</p><h4>水上探險</h4><p>獨木舟帶你探索湖泊和河流的隱秘角落，享受獨特的視角和美景。你可以靜靜地划過湖面，觀察水中的魚群和水鳥，也可以沿著河流前行，探索沿途的自然風光。這種親密接觸自然的方式，是城市生活中難得的體驗。</p><h4>戶外烹飪</h4><p>在一天的水上探險後，回到營地享受一頓豐盛的戶外餐點，是非常愉快的事情。利用營火或便攜炊具，烹製新鮮的食物，並與家人朋友分享美食和一天的經歷。這種簡單而純粹的生活，讓人倍感滿足。</p><p><img src=\"http://localhost:3005/img-blog/202407271710100912721.jpg\"></p><h4>夜間活動</h4><p>夜晚是露營的另一個高潮時刻。你可以在營火旁圍坐，講述故事、唱歌或者靜靜地欣賞夜空中的星星。如果運氣好，還能看到流星劃過天際。這種與自然親密接觸的夜晚，讓人感到無比寧靜和美好。</p><h4>安全注意事項</h4><p>在享受露營和獨木舟活動的同時，安全始終是首要考量。穿戴救生衣、了解水域情況和天氣變化、避免單獨行動，都是確保安全的重要措施。遇到緊急情況時，保持冷靜並及時求救，是應對危機的基本原則。</p><h4>總結</h4><p>露營與獨木舟的結合，是一場令人難忘的冒險之旅。從選擇露營地、準備裝備、掌握獨木舟技巧，到享受水上探險和戶外生活，每一個環節都充滿了挑戰和樂趣。這不僅是一種體驗自然的方式，更是一種心靈的洗滌和生活的享受。無論是與家人朋友還是獨自一人，這都是一段值得珍惜的美好時光。</p>', '2024-05-09 16:23:17'),
(6, '搭建帳篷的指南', '1', '<h3>選擇合適的營地是搭建帳篷的第一步。理想的營地應該是平坦的地面，遠離水源、風口和野生動物出沒的地方。</h3><p>選擇一個安全且便於搭建的地點，可以為後續的露營活動打下良好的基礎。</p><p>在出發露營之前，確保你已經準備好所有必要的裝備。除了帳篷本身，還需要地墊、睡袋、錘子、帳篷釘和繩子等工具。檢查所有裝備是否完好無損，並進行適當的打包，以便於攜帶和使用。</p><p><br></p><p>在搭建帳篷之前，先清理地面上的石頭、樹枝和其他雜物，以確保地面平整。這不僅能增加帳篷的穩定性，還能提高睡眠的舒適度。清理乾淨後，可以鋪上一層防水地墊，以防潮濕。</p><h5><br></h5><h5>不同類型的帳篷有不同的組裝方式，但一般來說，首先要展開帳篷布，然後組裝帳篷骨架。按照說明書的指示，將骨架插入帳篷布的相應插槽中，確保每個部分都穩固連接。</h5><p><img src=\"http://localhost:3005/img-blog/202407272013410424960.jpg\"></p><p><br></p><p>帳篷組裝好後，下一步是固定帳篷。使用帳篷釘將四角固定在地面上，確保帳篷不會被風吹走。可以用錘子輕輕敲打帳篷釘，使其更加穩固。然後使用繩子和帳篷桿，將帳篷拉撐起來。</p><h4>帳篷固定好後，調整帳篷內部的設置。鋪上地墊和睡袋，將個人物品整理好，確保內部空間整潔有序。如果天氣較冷，可以在帳篷內部加上保暖墊或毯子，增加保暖效果。</h4><p>搭建帳篷的過程中，要注意安全。使用工具時，避免受傷；在使用火源或其他可能引發火災的物品時，務必小心。</p><p><br></p><h4>確保帳篷遠離明火，並準備好滅火器或水源以防不測。</h4><p>搭建帳篷完成後，享受你的露營時光。與家人朋友一起，在大自然中放鬆身心，享受露營的樂趣。</p><p>無論是白天的活動還是夜晚的星空，都將成為美好的回憶。</p><p>總結來說，搭建帳篷是露營的重要環節，掌握這些基本技巧和注意事項，可以讓你的露營經歷更加愉快和安全。</p><p><img src=\"http://localhost:3005/img-blog/202407272014191317906.jpg\"></p><h2>希望這些指南能幫助你順利搭建帳篷，享受大自然的美好時光。</h2><p><br></p><p><br></p><p><br></p><p><br></p>', '2024-05-09 16:23:17'),
(7, '熊不是你的朋友', '6', '<div>\r\n    <hr>\r\n    <p>\r\n    這是一篇關於防熊\r\n    的文章\r\n    有一天，我突然發現了一個令人興奮的露營博客。這個部落格充滿了關於大自然的美麗描述，以及露營生活中的種種冒險故事。在這個博客中，我發現了許多有關露營地點、戶外裝備和野外生存技巧的寶貴資訊。每一篇文章都像一場探險，帶領我穿越森林、越過山川，去探索大自然的奇妙之處。\r\n\r\n我迫不及待地分享了這個博客的連結給我的朋友們，因為我相信他們也會被這些精彩的故事所吸引。在這個露營部落格的世界裡，每一篇文章都是獨特的冒險，每一次閱讀都是心靈的洗禮。我期待在未來的日子裡，繼續跟隨這個博客，與大自然親密接觸，感受生活的美好。\r\n\r\n這個露營博客成為了我生活中的一部分，它不僅僅是一個網站，更是我靈魂的家園，讓我在城市喧囂中找到了片刻的寧靜和慰藉。我感謝這個博客的創作者，因為他們用文字和圖片，為我打開了通往自然世界的大門，讓我體驗了生活的真諦。</p><hr>\r\n    </div>', '2024-05-09 16:23:17'),
(8, '驅蟲高手', '4', '<div>\r\n    <hr>\r\n    <p>\r\n    這是一篇關於驅蟲\r\n    的文章\r\n    有一天，我突然發現了一個令人興奮的露營博客。這個部落格充滿了關於大自然的美麗描述，以及露營生活中的種種冒險故事。在這個博客中，我發現了許多有關露營地點、戶外裝備和野外生存技巧的寶貴資訊。每一篇文章都像一場探險，帶領我穿越森林、越過山川，去探索大自然的奇妙之處。\r\n\r\n我迫不及待地分享了這個博客的連結給我的朋友們，因為我相信他們也會被這些精彩的故事所吸引。在這個露營部落格的世界裡，每一篇文章都是獨特的冒險，每一次閱讀都是心靈的洗禮。我期待在未來的日子裡，繼續跟隨這個博客，與大自然親密接觸，感受生活的美好。\r\n\r\n這個露營博客成為了我生活中的一部分，它不僅僅是一個網站，更是我靈魂的家園，讓我在城市喧囂中找到了片刻的寧靜和慰藉。我感謝這個博客的創作者，因為他們用文字和圖片，為我打開了通往自然世界的大門，讓我體驗了生活的真諦。</p><hr>\r\n    </div>', '2024-05-09 16:23:17'),
(9, '橡皮筏注意與安全', '4', '<div>\r\n    <hr>\r\n    <p>\r\n    這是一篇關於橡皮筏\r\n    的文章\r\n    有一天，我突然發現了一個令人興奮的露營博客。這個部落格充滿了關於大自然的美麗描述，以及露營生活中的種種冒險故事。在這個博客中，我發現了許多有關露營地點、戶外裝備和野外生存技巧的寶貴資訊。每一篇文章都像一場探險，帶領我穿越森林、越過山川，去探索大自然的奇妙之處。\r\n\r\n我迫不及待地分享了這個博客的連結給我的朋友們，因為我相信他們也會被這些精彩的故事所吸引。在這個露營部落格的世界裡，每一篇文章都是獨特的冒險，每一次閱讀都是心靈的洗禮。我期待在未來的日子裡，繼續跟隨這個博客，與大自然親密接觸，感受生活的美好。\r\n\r\n這個露營博客成為了我生活中的一部分，它不僅僅是一個網站，更是我靈魂的家園，讓我在城市喧囂中找到了片刻的寧靜和慰藉。我感謝這個博客的創作者，因為他們用文字和圖片，為我打開了通往自然世界的大門，讓我體驗了生活的真諦。</p><hr>\r\n    </div>', '2024-05-09 16:23:17'),
(10, '野外防蛇手札', '1', '<div>\r\n    <hr>\r\n    <p>\r\n    這是一篇關於防蛇\r\n    的文章\r\n    有一天，我突然發現了一個令人興奮的露營博客。這個部落格充滿了關於大自然的美麗描述，以及露營生活中的種種冒險故事。在這個博客中，我發現了許多有關露營地點、戶外裝備和野外生存技巧的寶貴資訊。每一篇文章都像一場探險，帶領我穿越森林、越過山川，去探索大自然的奇妙之處。\r\n\r\n我迫不及待地分享了這個博客的連結給我的朋友們，因為我相信他們也會被這些精彩的故事所吸引。在這個露營部落格的世界裡，每一篇文章都是獨特的冒險，每一次閱讀都是心靈的洗禮。我期待在未來的日子裡，繼續跟隨這個博客，與大自然親密接觸，感受生活的美好。\r\n\r\n這個露營博客成為了我生活中的一部分，它不僅僅是一個網站，更是我靈魂的家園，讓我在城市喧囂中找到了片刻的寧靜和慰藉。我感謝這個博客的創作者，因為他們用文字和圖片，為我打開了通往自然世界的大門，讓我體驗了生活的真諦。</p><hr>\r\n    </div>', '2024-05-09 16:23:17'),
(11, '木屋與帳篷的挑選', '3', '<div>\r\n    <hr>\r\n    <p>\r\n    這是一篇關於小木屋\r\n    的文章\r\n    有一天，我突然發現了一個令人興奮的露營博客。這個部落格充滿了關於大自然的美麗描述，以及露營生活中的種種冒險故事。在這個博客中，我發現了許多有關露營地點、戶外裝備和野外生存技巧的寶貴資訊。每一篇文章都像一場探險，帶領我穿越森林、越過山川，去探索大自然的奇妙之處。\r\n\r\n我迫不及待地分享了這個博客的連結給我的朋友們，因為我相信他們也會被這些精彩的故事所吸引。在這個露營部落格的世界裡，每一篇文章都是獨特的冒險，每一次閱讀都是心靈的洗禮。我期待在未來的日子裡，繼續跟隨這個博客，與大自然親密接觸，感受生活的美好。\r\n\r\n這個露營博客成為了我生活中的一部分，它不僅僅是一個網站，更是我靈魂的家園，讓我在城市喧囂中找到了片刻的寧靜和慰藉。我感謝這個博客的創作者，因為他們用文字和圖片，為我打開了通往自然世界的大門，讓我體驗了生活的真諦。</p><hr>\r\n    </div>', '2024-05-09 16:23:17'),
(12, '驅蛇大師兄', '3', '<div>\r\n    <hr>\r\n    <p>\r\n    這是一篇關於防蛇\r\n    的文章\r\n    有一天，我突然發現了一個令人興奮的露營博客。這個部落格充滿了關於大自然的美麗描述，以及露營生活中的種種冒險故事。在這個博客中，我發現了許多有關露營地點、戶外裝備和野外生存技巧的寶貴資訊。每一篇文章都像一場探險，帶領我穿越森林、越過山川，去探索大自然的奇妙之處。\r\n\r\n我迫不及待地分享了這個博客的連結給我的朋友們，因為我相信他們也會被這些精彩的故事所吸引。在這個露營部落格的世界裡，每一篇文章都是獨特的冒險，每一次閱讀都是心靈的洗禮。我期待在未來的日子裡，繼續跟隨這個博客，與大自然親密接觸，感受生活的美好。\r\n\r\n這個露營博客成為了我生活中的一部分，它不僅僅是一個網站，更是我靈魂的家園，讓我在城市喧囂中找到了片刻的寧靜和慰藉。我感謝這個博客的創作者，因為他們用文字和圖片，為我打開了通往自然世界的大門，讓我體驗了生活的真諦。</p><hr>\r\n    </div>', '2024-05-09 16:23:17'),
(13, '露營與溪流', '3', '<div>\n    <hr>\n    <p>\n    這是一篇關於溪流\n    的文章\n    有一天，我突然發現了一個令人興奮的露營博客。這個部落格充滿了關於大自然的美麗描述，以及露營生活中的種種冒險故事。在這個博客中，我發現了許多有關露營地點、戶外裝備和野外生存技巧的寶貴資訊。每一篇文章都像一場探險，帶領我穿越森林、越過山川，去探索大自然的奇妙之處。\n\n我迫不及待地分享了這個博客的連結給我的朋友們，因為我相信他們也會被這些精彩的故事所吸引。在這個露營部落格的世界裡，每一篇文章都是獨特的冒險，每一次閱讀都是心靈的洗禮。我期待在未來的日子裡，繼續跟隨這個博客，與大自然親密接觸，感受生活的美好。\n\n這個露營博客成為了我生活中的一部分，它不僅僅是一個網站，更是我靈魂的家園，讓我在城市喧囂中找到了片刻的寧靜和慰藉。我感謝這個博客的創作者，因為他們用文字和圖片，為我打開了通往自然世界的大門，讓我體驗了生活的真諦。</p><hr>\n    </div>', '2024-05-09 16:23:17'),
(14, '露營與浮淺', '2', '<div>\r\n    <hr>\r\n    <p>\r\n    這是一篇關於浮淺\r\n    的文章\r\n    有一天，我突然發現了一個令人興奮的露營博客。這個部落格充滿了關於大自然的美麗描述，以及露營生活中的種種冒險故事。在這個博客中，我發現了許多有關露營地點、戶外裝備和野外生存技巧的寶貴資訊。每一篇文章都像一場探險，帶領我穿越森林、越過山川，去探索大自然的奇妙之處。\r\n\r\n我迫不及待地分享了這個博客的連結給我的朋友們，因為我相信他們也會被這些精彩的故事所吸引。在這個露營部落格的世界裡，每一篇文章都是獨特的冒險，每一次閱讀都是心靈的洗禮。我期待在未來的日子裡，繼續跟隨這個博客，與大自然親密接觸，感受生活的美好。\r\n\r\n這個露營博客成為了我生活中的一部分，它不僅僅是一個網站，更是我靈魂的家園，讓我在城市喧囂中找到了片刻的寧靜和慰藉。我感謝這個博客的創作者，因為他們用文字和圖片，為我打開了通往自然世界的大門，讓我體驗了生活的真諦。</p><hr>\r\n    </div>', '2024-05-09 16:23:17'),
(15, '合歡山露營必看', '1', '<div>\r\n    <hr>\r\n    <p>\r\n    這是一篇關於合歡山露營區\r\n    的文章\r\n    有一天，我突然發現了一個令人興奮的露營博客。這個部落格充滿了關於大自然的美麗描述，以及露營生活中的種種冒險故事。在這個博客中，我發現了許多有關露營地點、戶外裝備和野外生存技巧的寶貴資訊。每一篇文章都像一場探險，帶領我穿越森林、越過山川，去探索大自然的奇妙之處。\r\n\r\n我迫不及待地分享了這個博客的連結給我的朋友們，因為我相信他們也會被這些精彩的故事所吸引。在這個露營部落格的世界裡，每一篇文章都是獨特的冒險，每一次閱讀都是心靈的洗禮。我期待在未來的日子裡，繼續跟隨這個博客，與大自然親密接觸，感受生活的美好。\r\n\r\n這個露營博客成為了我生活中的一部分，它不僅僅是一個網站，更是我靈魂的家園，讓我在城市喧囂中找到了片刻的寧靜和慰藉。我感謝這個博客的創作者，因為他們用文字和圖片，為我打開了通往自然世界的大門，讓我體驗了生活的真諦。</p><hr>\r\n    </div>', '2024-05-09 16:23:17'),
(16, '我比防蚊液還厲害', '6', '<div>\r\n    <hr>\r\n    <p>\r\n    這是一篇關於驅蟲\r\n    的文章\r\n    有一天，我突然發現了一個令人興奮的露營博客。這個部落格充滿了關於大自然的美麗描述，以及露營生活中的種種冒險故事。在這個博客中，我發現了許多有關露營地點、戶外裝備和野外生存技巧的寶貴資訊。每一篇文章都像一場探險，帶領我穿越森林、越過山川，去探索大自然的奇妙之處。\r\n\r\n我迫不及待地分享了這個博客的連結給我的朋友們，因為我相信他們也會被這些精彩的故事所吸引。在這個露營部落格的世界裡，每一篇文章都是獨特的冒險，每一次閱讀都是心靈的洗禮。我期待在未來的日子裡，繼續跟隨這個博客，與大自然親密接觸，感受生活的美好。\r\n\r\n這個露營博客成為了我生活中的一部分，它不僅僅是一個網站，更是我靈魂的家園，讓我在城市喧囂中找到了片刻的寧靜和慰藉。我感謝這個博客的創作者，因為他們用文字和圖片，為我打開了通往自然世界的大門，讓我體驗了生活的真諦。</p><hr>\r\n    </div>', '2024-05-09 16:23:17'),
(17, '我的推廣文16', '2', '<div>\r\n    <hr>\r\n    <p>\r\n    這是一篇關於搭建帳篷\r\n    的文章\r\n    有一天，我突然發現了一個令人興奮的露營博客。這個部落格充滿了關於大自然的美麗描述，以及露營生活中的種種冒險故事。在這個博客中，我發現了許多有關露營地點、戶外裝備和野外生存技巧的寶貴資訊。每一篇文章都像一場探險，帶領我穿越森林、越過山川，去探索大自然的奇妙之處。\r\n\r\n我迫不及待地分享了這個博客的連結給我的朋友們，因為我相信他們也會被這些精彩的故事所吸引。在這個露營部落格的世界裡，每一篇文章都是獨特的冒險，每一次閱讀都是心靈的洗禮。我期待在未來的日子裡，繼續跟隨這個博客，與大自然親密接觸，感受生活的美好。\r\n\r\n這個露營博客成為了我生活中的一部分，它不僅僅是一個網站，更是我靈魂的家園，讓我在城市喧囂中找到了片刻的寧靜和慰藉。我感謝這個博客的創作者，因為他們用文字和圖片，為我打開了通往自然世界的大門，讓我體驗了生活的真諦。</p><hr>\r\n    </div>', '2024-05-09 16:23:17'),
(18, '防熊大師', '1', '<div>\r\n    <hr>\r\n    <p>\r\n    這是一篇關於防熊\r\n    的文章\r\n    有一天，我突然發現了一個令人興奮的露營博客。這個部落格充滿了關於大自然的美麗描述，以及露營生活中的種種冒險故事。在這個博客中，我發現了許多有關露營地點、戶外裝備和野外生存技巧的寶貴資訊。每一篇文章都像一場探險，帶領我穿越森林、越過山川，去探索大自然的奇妙之處。\r\n\r\n我迫不及待地分享了這個博客的連結給我的朋友們，因為我相信他們也會被這些精彩的故事所吸引。在這個露營部落格的世界裡，每一篇文章都是獨特的冒險，每一次閱讀都是心靈的洗禮。我期待在未來的日子裡，繼續跟隨這個博客，與大自然親密接觸，感受生活的美好。\r\n\r\n這個露營博客成為了我生活中的一部分，它不僅僅是一個網站，更是我靈魂的家園，讓我在城市喧囂中找到了片刻的寧靜和慰藉。我感謝這個博客的創作者，因為他們用文字和圖片，為我打開了通往自然世界的大門，讓我體驗了生活的真諦。</p><hr>\r\n    </div>', '2024-05-09 16:23:17'),
(19, '仰望星空美景', '1', '<div>\n    <hr>\n    <p>\n    這是一篇關於星空露營\n    的文章\n    有一天，我突然發現了一個令人興奮的露營博客。這個部落格充滿了關於大自然的美麗描述，以及露營生活中的種種冒險故事。在這個博客中，我發現了許多有關露營地點、戶外裝備和野外生存技巧的寶貴資訊。每一篇文章都像一場探險，帶領我穿越森林、越過山川，去探索大自然的奇妙之處。\n\n我迫不及待地分享了這個博客的連結給我的朋友們，因為我相信他們也會被這些精彩的故事所吸引。在這個露營部落格的世界裡，每一篇文章都是獨特的冒險，每一次閱讀都是心靈的洗禮。我期待在未來的日子裡，繼續跟隨這個博客，與大自然親密接觸，感受生活的美好。\n\n這個露營博客成為了我生活中的一部分，它不僅僅是一個網站，更是我靈魂的家園，讓我在城市喧囂中找到了片刻的寧靜和慰藉。我感謝這個博客的創作者，因為他們用文字和圖片，為我打開了通往自然世界的大門，讓我體驗了生活的真諦。</p><hr>\n    </div>', '2024-05-09 16:23:17'),
(20, '浮淺攻略', '1', '<p>露營與浮潛結合是一個既放鬆又充滿冒險的完美假期組合。這項活動不僅能讓你親近大自然，還能探索水下世界的美麗。以下是一些實用的浮潛攻略，幫助你在露營時享受安全而愉快的浮潛體驗。</p><h4>選擇合適的營地和浮潛地點</h4><p>選擇一個靠近水源且水質清澈的露營地是成功的關鍵。理想的浮潛地點應該有豐富的海洋生物和珊瑚礁，水深適中且流速緩慢。提前了解當地的浮潛條件和規定，可以確保活動的安全和順利。</p><h4>準備裝備</h4><p>浮潛裝備是確保舒適和安全的關鍵。基本裝備包括浮潛面罩、呼吸管、蛙鞋和防曬衣。如果有條件，還可以攜帶潛水服、防水相機和救生衣。檢查所有裝備是否完好無損，並進行適當的保養和調試。</p><h4>安全注意事項</h4><p>浮潛前，了解一些基本的安全知識非常重要。首先，永遠不要單獨浮潛，最好與夥伴結伴同行。其次，了解當地的潮汐和天氣變化，避免在風浪過大或能見度差的情況下浮潛。最後，熟悉浮潛裝備的使用方法，特別是如何清理面罩和呼吸管。</p><h4>熟悉浮潛技巧</h4><p><img src=\"http://localhost:3005/img-blog/202407272208255165144.jpg\"></p><p>掌握一些基本的浮潛技巧可以讓你的體驗更加順利。學會如何調整呼吸、保持面罩不進水、以及使用蛙鞋進行有效的游泳。初學者可以先在淺水區域練習，逐漸適應後再探索更深的水域。</p><h4>尊重海洋生態</h4><p>在浮潛過程中，尊重海洋生態是非常重要的。不要觸摸或破壞珊瑚礁，避免踩踏海底生物。不要追逐或驚嚇魚群，保持適當的距離觀察。這樣不僅保護了海洋生態，也讓你能夠觀賞到更多的海洋生物。</p><h4>體驗水下攝影</h4><p>如果你對水下攝影有興趣，可以攜帶防水相機記錄這些美麗的瞬間。學習一些基本的水下攝影技巧，如調整白平衡、使用自然光、以及避免水下漂浮物影響鏡頭。這些照片不僅是美好的回憶，也是分享給朋友和家人的絕佳素材。</p><h4>享受營地生活</h4><p>在浮潛之餘，享受營地生活也是非常愉快的。營地設施包括帳篷、睡袋、炊具和照明工具。可以在營地內烹製新鮮的食物，與家人朋友一起享受野餐。夜晚，圍坐在營火旁講述故事，欣賞滿天星空，這些都是難得的放鬆時光。</p><h4>保持環境整潔</h4><p>無論是在浮潛還是露營，保持環境整潔都是我們的責任。帶走所有的垃圾，避免污染水源和營地。使用環保產品，如可重複使用的水瓶和餐具，減少對環境的影響。這樣可以確保未來的露營者也能享受到這片美麗的自然環境。</p><h4>與當地居民互動</h4><p>與當地居民互動，可以讓你的露營和浮潛體驗更加豐富。他們可以提供有關當地最佳浮潛地點、風俗習慣和安全建議的信息。尊重當地文化，遵守當地的規定和習慣，這樣可以建立良好的關係，讓你的旅行更加愉快。</p><h4>總結</h4><p>露營與浮潛的結合是一場令人難忘的冒險之旅。從選擇合適的營地和浮潛地點、準備裝備、掌握浮潛技巧到享受營地生活，每一個環節都充滿了挑戰和樂趣。這不僅是一種體驗自然的方式，更是一種心靈的洗滌和生活的享受。希望這些攻略能幫助你在露營時享受安全而愉快的浮潛體驗，探索美麗的水下世界。</p>', '2024-05-09 16:23:17'),
(21, '驅蛇指南', '1', '<p>露營是一項令人愉快的戶外活動，但在自然環境中難免會遇到一些野生動物，尤其是蛇。為了確保露營的安全和舒適，了解如何有效地預防和驅蛇是非常重要的。以下是一些實用的驅蛇指南，幫助你在露營時遠離蛇的干擾。</p><h4>了解蛇的習性</h4><p>首先，了解當地蛇類的習性和種類是非常重要的。大多數蛇不會主動攻擊人類，除非感到受到威脅。知道哪些蛇有毒、它們的活動時間和棲息地，可以幫助你更好地預防和應對。</p><p><img src=\"http://localhost:3005/img-blog/202407272203488161013.jpg\"></p><h4>選擇合適的營地</h4><p>選擇一個遠離蛇類棲息地的營地是第一步。避免在有大量岩石、厚重植被或近水源的地方搭建帳篷，因為這些地方容易吸引蛇。選擇開闊、平坦的地區，可以減少遇到蛇的機會。</p><h4>保持營地整潔</h4><p>蛇喜歡藏身於雜草、樹枝和其他雜物中。保持營地整潔，清理掉地上的樹枝、落葉和雜物，可以減少蛇的藏身之處。同時，將食物和垃圾妥善存放，避免吸引小型動物，進而吸引蛇。</p><h4>使用驅蛇產品</h4><p>在營地周圍撒一些驅蛇粉或使用驅蛇噴霧，這些產品通常含有讓蛇感到不適的氣味，能有效地驅離蛇類。此外，還可以在帳篷周圍撒上石灰或硫磺，這些物質對蛇也有一定的驅趕作用。</p><h4>保持警惕</h4><p>在露營時，保持警惕是非常重要的。穿長袖衣物和長褲，特別是在草叢中行走時，能有效地保護自己不被蛇咬。使用手電筒照亮周圍環境，確保夜間行動時能清楚看到腳下和周圍的情況。</p><h4>建立安全區域</h4><p>在營地周圍建立一個安全區域，可以有效地減少蛇的侵入。用繩子或布條圍繞帳篷周圍，這樣蛇就不容易進入。也可以在帳篷入口處放置一些驅蛇植物，如薄荷、艾草或薰衣草，這些植物的氣味可以驅離蛇類。</p><h4>遇到蛇的應對措施</h4><p>如果在露營時遇到蛇，保持冷靜是最重要的。不要驚慌或試圖驚嚇蛇，應該慢慢後退，給蛇讓出一條逃生路線。如果蛇在營地周圍盤踞，使用長棍輕輕驅趕，確保自己的安全距離。</p><h4>立即就醫</h4><p>如果不幸被蛇咬傷，立即尋求醫療幫助是關鍵。保持冷靜，避免劇烈運動，因為這會加速毒素在體內的擴散。用干淨的布包紮傷口，並迅速前往最近的醫療機構進行治療。</p><h4>小結</h4><p>露營驅蛇指南可以幫助你在大自然中享受更安全和舒適的露營體驗。從選擇合適的營地、保持營地整潔、使用驅蛇產品到保持警惕、建立安全區域，每一步都能有效減少蛇的威脅。最重要的是，保持冷靜和警覺，這樣即使在面對蛇時也能確保自己的安全。希望這些指南能幫助你在露營時遠離蛇的干擾，享受美好的戶外時光。</p>', '2025-05-09 16:23:17'),
(35, '南投信義鄉瑪兒屋營地心得分享', '1', '<p>最近我在南投信義鄉的瑪兒屋營地進行了一次難忘的露營體驗，以下是我的心得分享，希望能給大家一些參考和啟發。</p><h4>營地選擇</h4><p>南投信義鄉的瑪兒屋營地位於山腳下的一片廣闊草地，周圍環繞著茂密的森林，環境非常幽靜。這裡遠離城市的喧囂，是享受自然和放鬆身心的理想地點。營地位置優越，交通便利，適合自駕前往。</p><p><img src=\"http://localhost:3005/img-blog/202407272148479573916.jpg\"></p><h4>營地設施</h4><p>營地設施非常齊全，有乾淨的衛生間、淋浴設施和洗滌區，為露營者提供了極大的便利。此外，營地還提供了電源和飲用水，非常貼心。每個營位都設有固定的燒烤架和桌椅，方便大家進行戶外烹飪和聚餐。</p><p><img src=\"http://localhost:3005/img-blog/202407272149149352137.jpg\"></p><h4>景觀與環境</h4><p>瑪兒屋營地的景觀非常美麗，無論是清晨的霧氣還是傍晚的夕陽，都讓人感到心曠神怡。夜晚，仰望滿天繁星，彷彿置身於一片星空之下，這種感覺在城市中是無法體會的。營地周圍有豐富的植被和野生動物，讓人充分感受到大自然的魅力。</p><h4>活動與娛樂</h4><p>營地提供了豐富的活動和娛樂設施。我們參加了營地組織的徒步活動，沿著山間小道探索了附近的自然景觀。營地還提供獨木舟和釣魚設備，讓我們在湖邊度過了愉快的時光。此外，晚上可以在營火旁享受烤棉花糖和篝火晚會，非常有趣。</p><p><img src=\"http://localhost:3005/img-blog/202407272149347381609.jpg\"></p><h4>人員服務</h4><p>營地的工作人員非常友善且樂於助人，從我們到達的那一刻起，他們就提供了詳細的指引和幫助。無論是設置帳篷還是解答我們的疑問，他們都非常耐心且專業，讓我們感到賓至如歸。</p><h4>環境保護</h4><p>營地非常注重環境保護，設有多處垃圾分類回收站，並且鼓勵露營者遵守「不留痕跡」的原則。我們也盡量減少對環境的影響，帶走所有垃圾，保持營地的整潔。</p><p><img src=\"http://localhost:3005/img-blog/202407272150011679333.jpg\"></p><h4>交通與便利性</h4><p>營地交通便利，距離主要道路只有一小段車程，且有明確的指示標誌，讓我們很容易找到。附近有小超市和便利店，方便我們補充物資。此外，營地還提供接駁服務，對於沒有自駕的人來說非常方便。</p><h4>總結</h4><p>瑪兒屋營地給我帶來了一次美好的露營體驗。無論是優美的自然環境、齊全的設施，還是豐富的活動，都讓人感到滿意。這裡是遠離都市喧囂、享受自然之美的理想場所。希望未來有更多的機會能再次拜訪，並且推薦給所有喜歡露營和大自然的人。</p><p>希望這篇心得分享能對你們有幫助，也期待你們能有一個愉快的露營經歷！</p><p><br></p><p><br></p><p><br></p><h4><br></h4>', '2024-07-22 10:45:41');

-- --------------------------------------------------------

--
-- 資料表結構 `blog_category`
--

CREATE TABLE `blog_category` (
  `id` int NOT NULL,
  `blog_id` int NOT NULL,
  `blog_category_id` int NOT NULL
) ENGINE=InnoDB DEFAULT CHARSET=utf8mb4 COLLATE=utf8mb4_general_ci;

--
-- 傾印資料表的資料 `blog_category`
--

INSERT INTO `blog_category` (`id`, `blog_id`, `blog_category_id`) VALUES
(2, 7, 7),
(4, 7, 8),
(50, 1, 6),
(51, 1, 18),
(52, 3, 15),
(53, 3, 12),
(54, 4, 22),
(59, 5, 14),
(60, 5, 19),
(61, 6, 6),
(62, 6, 8),
(63, 6, 17),
(64, 35, 9),
(65, 35, 14),
(66, 35, 13),
(67, 35, 20),
(70, 21, 20),
(71, 20, 23);

-- --------------------------------------------------------

--
-- 資料表結構 `blog_category_name`
--

CREATE TABLE `blog_category_name` (
  `id` int NOT NULL,
  `blog_category_name` varchar(255) CHARACTER SET utf8mb4 COLLATE utf8mb4_general_ci NOT NULL,
  `parent` int NOT NULL
) ENGINE=InnoDB DEFAULT CHARSET=utf8mb4 COLLATE=utf8mb4_general_ci;

--
-- 傾印資料表的資料 `blog_category_name`
--

INSERT INTO `blog_category_name` (`id`, `blog_category_name`, `parent`) VALUES
(1, '官方與非官方', 0),
(2, '露營地區', 0),
(3, '露營活動', 0),
(4, '露營裝備與技巧', 0),
(5, '露營景點', 0),
(6, '官方', 1),
(7, '非官方', 1),
(8, '北部', 2),
(9, '中部', 2),
(10, '南部', 2),
(11, '東部', 2),
(12, '野外攝影', 3),
(13, '釣魚\r\n', 3),
(14, '獨木舟', 3),
(15, '星空觀賞', 3),
(16, '選擇營地\r\n', 4),
(17, '搭建技巧', 4),
(18, '生火材料', 4),
(19, '戶外烹飪技巧', 4),
(20, '山區露營地\n', 5),
(21, '湖泊露營地\r\n', 5),
(22, '螢火蟲營地\r\n', 5),
(23, '海灘露營地', 5);

-- --------------------------------------------------------

--
-- 資料表結構 `blog_comment`
--

CREATE TABLE `blog_comment` (
  `id` int NOT NULL,
  `comment` text CHARACTER SET utf8mb4 COLLATE utf8mb4_general_ci NOT NULL,
  `blog_id` int NOT NULL,
  `customer_id` int NOT NULL,
  `created_at` datetime NOT NULL DEFAULT CURRENT_TIMESTAMP
) ENGINE=InnoDB DEFAULT CHARSET=utf8mb4 COLLATE=utf8mb4_general_ci;

--
-- 傾印資料表的資料 `blog_comment`
--

INSERT INTO `blog_comment` (`id`, `comment`, `blog_id`, `customer_id`, `created_at`) VALUES
(1, '好棒的文章我好喜歡', 6, 1, '2024-07-27 20:14:56'),
(3, '寫得太好了，我好感動，有機會我也想跟家人朋友一起去那裡看看。', 35, 2, '2024-07-27 21:51:10'),
(5, '說到釣魚跟獨木舟，我就欲罷不能，好想去', 35, 3, '2024-07-27 21:52:50'),
(6, '看了大大的文章我感到非常感動，我好喜歡這個網站的露營心得分享', 35, 1, '2024-07-27 21:55:53');

-- --------------------------------------------------------

--
-- 資料表結構 `blog_comment_img`
--

CREATE TABLE `blog_comment_img` (
  `id` int NOT NULL,
  `img_name` varchar(1000) CHARACTER SET utf8mb4 COLLATE utf8mb4_general_ci NOT NULL DEFAULT '[]',
  `blog_comment_id` int NOT NULL
) ENGINE=InnoDB DEFAULT CHARSET=utf8mb4 COLLATE=utf8mb4_general_ci;

--
-- 傾印資料表的資料 `blog_comment_img`
--

INSERT INTO `blog_comment_img` (`id`, `img_name`, `blog_comment_id`) VALUES
(2, '202407181458074315123.webp,202407181504373184713.webp', 1);

-- --------------------------------------------------------

--
-- 資料表結構 `blog_img`
--

CREATE TABLE `blog_img` (
  `id` int NOT NULL,
  `img_name` varchar(1000) CHARACTER SET utf8mb4 COLLATE utf8mb4_general_ci NOT NULL DEFAULT '[]',
  `blog_id` int NOT NULL
) ENGINE=InnoDB DEFAULT CHARSET=utf8mb4 COLLATE=utf8mb4_general_ci;

--
-- 傾印資料表的資料 `blog_img`
--

INSERT INTO `blog_img` (`id`, `img_name`, `blog_id`) VALUES
(15, '202407221619521643091.jpg', 1),
(17, '202407271645294928468.jpg', 2),
(20, '20240727165710564802.jpg', 3),
(21, '202407271704082735471.jpg,202407271704475897711.jpg', 4),
(22, '202407271709374856847.jpg,202407271710100912721.jpg', 5),
(23, '202407272013410424960.jpg,202407272014191317906.jpg', 6),
(24, '202407272148479573916.jpg,202407272149149352137.jpg,202407272149347381609.jpg,202407272150011679333.jpg', 35),
(25, '202407272203488161013.jpg', 21),
(26, '202407272208255165144.jpg', 20);

-- --------------------------------------------------------

--
-- 資料表結構 `booking_dates`
--

CREATE TABLE `booking_dates` (
  `booking_dates_id` int NOT NULL,
  `stores_id` int NOT NULL,
  `date` date NOT NULL,
  `reservable` int NOT NULL
) ENGINE=InnoDB DEFAULT CHARSET=utf8mb4 COLLATE=utf8mb4_general_ci;

-- --------------------------------------------------------

--
-- 資料表結構 `comment`
--

CREATE TABLE `comment` (
  `id` int NOT NULL,
  `customer_id` int NOT NULL,
  `stores_id` int NOT NULL,
  `comment_star` tinyint NOT NULL,
  `comment_content` varchar(255) DEFAULT NULL,
  `created_at` datetime NOT NULL,
  `updated_at` datetime NOT NULL
) ENGINE=InnoDB DEFAULT CHARSET=utf8mb3;

--
-- 傾印資料表的資料 `comment`
--

INSERT INTO `comment` (`id`, `customer_id`, `stores_id`, `comment_star`, `comment_content`, `created_at`, `updated_at`) VALUES
(1, 1, 1, 3, '風景優美，設施齊全', '2024-07-18 20:32:40', '2024-07-18 20:32:40'),
(2, 2, 2, 4, '鳥語花香，適合親子活動', '2024-07-18 20:32:40', '2024-07-18 20:32:40'),
(3, 3, 3, 5, '夜晚星空美不勝收', '2024-07-18 20:32:40', '2024-07-18 20:32:40'),
(4, 4, 4, 3, '風景優美，設施齊全', '2024-07-18 20:32:40', '2024-07-18 20:32:40'),
(5, 5, 5, 4, '鳥語花香，適合親子活動', '2024-07-18 20:32:40', '2024-07-18 20:32:40'),
(6, 6, 6, 5, '夜晚星空美不勝收', '2024-07-18 20:32:40', '2024-07-18 20:32:40'),
(7, 7, 7, 3, '風景優美，設施齊全', '2024-07-18 20:32:40', '2024-07-18 20:32:40'),
(8, 8, 8, 4, '鳥語花香，適合親子活動', '2024-07-18 20:32:40', '2024-07-18 20:32:40'),
(9, 9, 9, 5, '夜晚星空美不勝收', '2024-07-18 20:32:40', '2024-07-18 20:32:40'),
(10, 10, 10, 3, '風景優美，設施齊全', '2024-07-18 20:32:40', '2024-07-18 20:32:40'),
(11, 11, 11, 4, '鳥語花香，適合親子活動', '2024-07-18 20:32:40', '2024-07-18 20:32:40'),
(12, 12, 12, 5, '夜晚星空美不勝收', '2024-07-18 20:32:40', '2024-07-18 20:32:40'),
(13, 13, 13, 3, '風景優美，設施齊全', '2024-07-18 20:32:40', '2024-07-18 20:32:40'),
(14, 14, 14, 4, '鳥語花香，適合親子活動', '2024-07-18 20:32:40', '2024-07-18 20:32:40'),
(15, 15, 15, 5, '夜晚星空美不勝收', '2024-07-18 20:32:40', '2024-07-18 20:32:40'),
(16, 16, 16, 3, '夜晚星空美不勝收', '2024-07-18 20:32:40', '2024-07-18 20:32:40'),
(17, 17, 17, 4, '風景優美，設施齊全', '2024-07-18 20:32:40', '2024-07-18 20:32:40'),
(18, 18, 18, 5, '鳥語花香，適合親子活動', '2024-07-18 20:32:40', '2024-07-18 20:32:40'),
(19, 19, 19, 3, '夜晚星空美不勝收', '2024-07-18 20:32:40', '2024-07-18 20:32:40'),
(20, 20, 20, 4, '風景優美，設施齊全', '2024-07-18 20:32:40', '2024-07-18 20:32:40'),
(21, 21, 21, 5, '鳥語花香，適合親子活動', '2024-07-18 20:32:40', '2024-07-18 20:32:40'),
(22, 22, 22, 3, '夜晚星空美不勝收', '2024-07-18 20:32:40', '2024-07-18 20:32:40'),
(23, 23, 23, 4, '風景優美，設施齊全', '2024-07-18 20:32:40', '2024-07-18 20:32:40'),
(24, 24, 24, 5, '鳥語花香，適合親子活動', '2024-07-18 20:32:40', '2024-07-18 20:32:40'),
(25, 25, 25, 3, '夜晚星空美不勝收', '2024-07-18 20:32:40', '2024-07-18 20:32:40'),
(26, 26, 26, 4, '風景優美，設施齊全', '2024-07-18 20:32:40', '2024-07-18 20:32:40'),
(27, 27, 27, 5, '鳥語花香，適合親子活動', '2024-07-18 20:32:40', '2024-07-18 20:32:40'),
(28, 28, 28, 5, '夜晚星空美不勝收', '2024-07-18 20:32:40', '2024-07-18 20:32:40'),
(29, 29, 29, 4, '鳥語花香，適合親子活動', '2024-07-18 20:32:40', '2024-07-18 20:32:40');

-- --------------------------------------------------------

--
-- 資料表結構 `coupon`
--

CREATE TABLE `coupon` (
  `id` int NOT NULL,
  `name` varchar(50) CHARACTER SET utf8mb4 COLLATE utf8mb4_general_ci NOT NULL,
  `directions` text CHARACTER SET utf8mb4 COLLATE utf8mb4_general_ci,
  `coin` int NOT NULL DEFAULT '5',
  `coupon_off` float NOT NULL DEFAULT '1',
  `time_start` date DEFAULT NULL,
  `time_end` date DEFAULT NULL,
  `img` varchar(300) CHARACTER SET utf8mb4 COLLATE utf8mb4_general_ci DEFAULT NULL,
  `hash` varchar(50) CHARACTER SET utf8mb4 COLLATE utf8mb4_general_ci DEFAULT NULL
) ENGINE=InnoDB DEFAULT CHARSET=utf8mb4 COLLATE=utf8mb4_general_ci;

--
-- 傾印資料表的資料 `coupon`
--

INSERT INTO `coupon` (`id`, `name`, `directions`, `coin`, `coupon_off`, `time_start`, `time_end`, `img`, `hash`) VALUES
(1, '暑假出遊囉~', '單筆訂單折扣現金20元', 5, 20, '2024-08-01', '2024-08-31', 'coupon1.jpg', ''),
(2, '其實我有很多金幣...', '單筆訂單折扣現金500元', 1000, 500, '2024-08-01', '2030-08-31', 'coupon2.jpg', '');

-- --------------------------------------------------------

--
-- 資料表結構 `couponbag`
--

CREATE TABLE `couponbag` (
  `id` int NOT NULL,
  `user_id` int NOT NULL,
  `coupon_id` int NOT NULL,
  `amount` int NOT NULL,
  `created_at` datetime NOT NULL
) ENGINE=InnoDB DEFAULT CHARSET=utf8mb4 COLLATE=utf8mb4_0900_ai_ci;

--
-- 傾印資料表的資料 `couponbag`
--

INSERT INTO `couponbag` (`id`, `user_id`, `coupon_id`, `amount`, `created_at`) VALUES
(1, 1, 1, 1, '2024-07-26 00:55:47'),
(2, 1, 1, 1, '2024-07-26 00:55:49');

-- --------------------------------------------------------

--
-- 資料表結構 `customer`
--

CREATE TABLE `customer` (
  `id` int NOT NULL,
  `email` varchar(255) DEFAULT NULL,
  `password` varchar(255) DEFAULT NULL,
  `name` varchar(255) DEFAULT NULL,
  `phone` varchar(255) DEFAULT NULL,
  `gender` varchar(255) DEFAULT NULL,
  `birthday` date DEFAULT NULL,
  `address` varchar(255) DEFAULT NULL,
  `introduction` text,
  `id_card` varchar(255) DEFAULT NULL,
  `google_uid` varchar(255) DEFAULT NULL,
  `photo_url` varchar(255) DEFAULT NULL,
  `created_at` datetime NOT NULL,
  `updated_at` datetime NOT NULL
) ENGINE=InnoDB DEFAULT CHARSET=utf8mb3;

--
-- 傾印資料表的資料 `customer`
--

INSERT INTO `customer` (`id`, `email`, `password`, `name`, `phone`, `gender`, `birthday`, `address`, `introduction`, `id_card`, `google_uid`, `photo_url`, `created_at`, `updated_at`) VALUES
(1, 'lee@test.com', '11111', '李京樺', '0906102808', '女', '1996-07-13', '桃園市桃園區劉南路377號18樓', 'My name is hua. I love camping.', 'E285416832', NULL, NULL, '2024-07-19 09:04:38', '2024-07-19 09:04:38'),
(2, 'young@test.com', '22222', '李為煬', '0906102313', '男', '1980-01-01', '臺南市永康區南臺街3號', 'My name is young.  I love camping.', 'E185416832', NULL, NULL, '2024-07-19 09:04:38', '2024-07-19 09:04:38'),
(3, 'shin@test.com', '33333', '陳豊鑫', '0906102333', '男', '1980-03-03', '臺南市永康區南臺街9號5樓', 'My name is shin.  I love camping.', 'E185416832', NULL, NULL, '2024-07-19 09:04:38', '2024-07-19 09:04:38'),
(4, 'yumi@test.com', '44444', '陳昱穎', '0906102444', '女', '1980-05-27', '臺南市東區崇善路8號', 'My name is yumi.  I love camping.', 'E285416832', NULL, NULL, '2024-07-19 09:04:38', '2024-07-19 09:04:38'),
(5, 'jun@test.com', '55555', '鄒家浚', '0906102555', '男', '1980-06-28', '臺南市東區崇德路156號', 'My name is jun.  I love camping.', 'E185416832', NULL, NULL, '2024-07-19 09:04:38', '2024-07-19 09:04:38'),
(6, 'hui@test.com', '66666', '劉于卉', '0906102666', '女', '1980-12-25', '臺南市永康區中正南路99號', 'My name is hui.  I love camping.', 'E285416832', NULL, NULL, '2024-07-19 09:04:38', '2024-07-19 09:04:38');

-- --------------------------------------------------------

--
-- 資料表結構 `donation`
--

CREATE TABLE `donation` (
  `id` int NOT NULL,
  `name` varchar(100) NOT NULL,
  `directions` text,
  `coin` int NOT NULL DEFAULT '10',
  `donation` int NOT NULL DEFAULT '10',
  `img` varchar(300) CHARACTER SET utf8mb4 COLLATE utf8mb4_0900_ai_ci DEFAULT NULL
) ENGINE=InnoDB DEFAULT CHARSET=utf8mb4 COLLATE=utf8mb4_0900_ai_ci;

--
-- 傾印資料表的資料 `donation`
--

INSERT INTO `donation` (`id`, `name`, `directions`, `coin`, `donation`, `img`) VALUES
(1, '兒童基金會', '捐助10元', 10, 10, 'donation1.jpg'),
(2, '動物救援', '捐助10元', 10, 10, 'donation2.jpg');

-- --------------------------------------------------------

--
-- 資料表結構 `donationbag`
--

CREATE TABLE `donationbag` (
  `id` int NOT NULL,
  `user_id` int NOT NULL,
  `donation_id` int NOT NULL,
  `amount` int NOT NULL,
  `created_at` datetime NOT NULL
) ENGINE=InnoDB DEFAULT CHARSET=utf8mb4 COLLATE=utf8mb4_0900_ai_ci;

--
-- 傾印資料表的資料 `donationbag`
--

INSERT INTO `donationbag` (`id`, `user_id`, `donation_id`, `amount`, `created_at`) VALUES
(1, 1, 1, 1, '2024-07-26 00:55:53'),
(2, 1, 1, 1, '2024-07-26 00:55:53');

-- --------------------------------------------------------

--
-- 資料表結構 `favorite`
--

CREATE TABLE `favorite` (
  `id` int NOT NULL,
  `pid` int NOT NULL,
  `uid` int NOT NULL,
  `created_at` datetime NOT NULL,
  `updated_at` datetime NOT NULL
) ENGINE=InnoDB DEFAULT CHARSET=utf8mb3;

--
-- 傾印資料表的資料 `favorite`
--

INSERT INTO `favorite` (`id`, `pid`, `uid`, `created_at`, `updated_at`) VALUES
(1, 1, 1, '2024-07-18 20:32:40', '2024-07-18 20:32:40'),
(2, 2, 1, '2024-07-18 20:32:40', '2024-07-18 20:32:40'),
(3, 3, 1, '2024-07-18 20:32:40', '2024-07-18 20:32:40'),
(4, 4, 1, '2024-07-18 20:32:40', '2024-07-18 20:32:40'),
(6, 6, 2, '2024-07-18 20:32:40', '2024-07-18 20:32:40'),
(7, 7, 2, '2024-07-18 20:32:40', '2024-07-18 20:32:40'),
(8, 8, 3, '2024-07-18 20:32:40', '2024-07-18 20:32:40'),
(9, 9, 3, '2024-07-18 20:32:40', '2024-07-18 20:32:40'),
(10, 10, 4, '2024-07-18 20:32:40', '2024-07-18 20:32:40'),
(11, 11, 4, '2024-07-18 20:32:40', '2024-07-18 20:32:40'),
(12, 12, 5, '2024-07-18 20:32:40', '2024-07-18 20:32:40'),
(13, 13, 5, '2024-07-18 20:32:40', '2024-07-18 20:32:40'),
(14, 14, 6, '2024-07-18 20:32:40', '2024-07-18 20:32:40'),
(15, 15, 6, '2024-07-18 20:32:40', '2024-07-18 20:32:40'),
(16, 16, 7, '2024-07-18 20:32:40', '2024-07-18 20:32:40'),
(17, 17, 7, '2024-07-18 20:32:40', '2024-07-18 20:32:40'),
(18, 18, 8, '2024-07-18 20:32:40', '2024-07-18 20:32:40'),
(19, 19, 8, '2024-07-18 20:32:40', '2024-07-18 20:32:40'),
(20, 20, 9, '2024-07-18 20:32:40', '2024-07-18 20:32:40'),
(21, 21, 9, '2024-07-18 20:32:40', '2024-07-18 20:32:40'),
(22, 22, 10, '2024-07-18 20:32:40', '2024-07-18 20:32:40'),
(23, 23, 10, '2024-07-18 20:32:40', '2024-07-18 20:32:40'),
(24, 24, 11, '2024-07-18 20:32:40', '2024-07-18 20:32:40'),
(25, 25, 11, '2024-07-18 20:32:40', '2024-07-18 20:32:40'),
(26, 26, 12, '2024-07-18 20:32:40', '2024-07-18 20:32:40'),
(27, 27, 12, '2024-07-18 20:32:40', '2024-07-18 20:32:40'),
(28, 28, 13, '2024-07-18 20:32:40', '2024-07-18 20:32:40'),
(29, 29, 13, '2024-07-18 20:32:40', '2024-07-18 20:32:40'),
(30, 1, 14, '2024-07-18 20:32:40', '2024-07-18 20:32:40'),
(31, 2, 14, '2024-07-18 20:32:40', '2024-07-18 20:32:40'),
(32, 3, 15, '2024-07-18 20:32:40', '2024-07-18 20:32:40'),
(33, 4, 15, '2024-07-18 20:32:40', '2024-07-18 20:32:40'),
(36, 5, 1, '2024-07-29 01:22:07', '2024-07-29 01:22:07');

-- --------------------------------------------------------

--
-- 資料表結構 `favorite_blog`
--

CREATE TABLE `favorite_blog` (
  `id` int NOT NULL,
  `customer_id` int NOT NULL,
  `blog_id` int NOT NULL
) ENGINE=InnoDB DEFAULT CHARSET=utf8mb4 COLLATE=utf8mb4_general_ci;

--
-- 傾印資料表的資料 `favorite_blog`
--

INSERT INTO `favorite_blog` (`id`, `customer_id`, `blog_id`) VALUES
(1, 1, 1),
(334, 1, 7),
(4, 2, 1),
(3, 2, 21),
(5, 6, 1);

-- --------------------------------------------------------

--
-- 資料表結構 `home_blog`
--

CREATE TABLE `home_blog` (
  `id` int NOT NULL,
  `title` varchar(255) NOT NULL,
  `author` varchar(255) NOT NULL,
  `content` varchar(500) NOT NULL,
  `created_at` datetime NOT NULL,
  `updated_at` datetime NOT NULL
) ENGINE=InnoDB DEFAULT CHARSET=utf8mb3;

--
-- 傾印資料表的資料 `home_blog`
--

INSERT INTO `home_blog` (`id`, `title`, `author`, `content`, `created_at`, `updated_at`) VALUES
(1, '【露營】露營生火技巧指南', '京樺', '露營生火技巧指南生火是露營中最重要的技能之一，掌握這些技巧能讓你在野外輕鬆生火，保持溫暖，並享受煮食的樂趣。以下是一些實用的生火技巧：1. 準備工作選擇合適的位置：選擇一個平坦、無風且遠離可燃物的地方，最好有石圈圍繞，防止火勢蔓延。清理地面：清除地面上的枯葉、草和其他可燃物，確保周圍環境乾淨。2. 生火材料引火物：這些是能快速點燃的小物品，如乾草、枯葉、樹皮、棉花球或商店購買的引火塊。小枝和樹枝：選擇乾燥的細枝、樹枝來建立火的基礎，這些材料易於燃燒，並能迅速產生火焰。大木材：一旦小枝點燃後，可以添加較大的木塊，這些木塊能提供持久的火源和穩定的熱量。3. 生火方法搭建金字塔：將引火物放在底部，然後用小枝和樹枝搭建一個小金字塔結構。點燃引火物，火焰會沿著小枝向上燃燒，逐漸點燃較大的木材。交叉堆放：將小枝和樹枝交叉堆放在引火物上方，形成一個網狀結構，有助於火焰順利蔓延。加強通風：確保火堆有足夠的空氣流通，火焰需要氧氣才能燃燒。你可以用嘴輕輕吹氣，或使用小風扇來幫助引火。4. 生火工具打火機和火柴：這是最簡單的生火工具，隨身攜帶以備不時之需。火鋼和火石：這是一種可靠的生火工具，即使在潮濕環境下', '2024-07-19 14:07:02', '2024-07-19 14:07:02'),
(2, '【釣魚】露營釣魚的完美體驗', '豊鑫', '露營釣魚是遠離城市喧囂、親近自然的理想方式。這項活動不僅可以讓人放鬆心情，還能體驗捕魚的樂趣，享受與家人朋友共度的美好時光。選擇合適的露營地選擇合適的露營地是露營釣魚成功的關鍵。理想的露營地應該有寬敞的空間、清澈的湖泊或河流，以及適合釣魚的環境。在選擇露營地之前，應提前查詢釣魚許可證和當地的規定。準備裝備釣魚和露營的裝備是活動中不可或缺的一部分。釣魚裝備包括釣竿、釣線、釣鉤和誘餌等；露營裝備則包括帳篷、睡袋、炊具和照明設備。確保所有裝備都經過檢查並妥善打包。搭建營地到達露營地後，第一步是搭建營地。選擇一個平坦的地面，遠離水源和風大的地方。搭建帳篷時，注意固定好帳篷以防風雨侵襲，並安排好休息區和烹飪區。釣魚技巧釣魚是一門技術活，了解一些基本的釣魚技巧會讓你的體驗更加愉快。選擇合適的釣點、根據魚種選擇適當的誘餌和釣鉤，並掌握拋竿和收線的技巧，這些都是成功釣魚的要素。享受戶外烹飪釣到魚後，最令人期待的就是戶外烹飪了。新鮮的魚可以簡單地用鹽和胡椒調味，然後用火烤或煎煮。享受自己捕獲的新鮮美食，這是露營釣魚的最大樂趣之一。與自然共舞露營釣魚的過程中，還能與自然親密接觸。早晨的露水、傍晚的夕陽、夜', '2024-07-19 14:07:02', '2024-07-19 14:07:02'),
(3, '露營星空觀賞的極致享受', '豊鑫', '露營星空觀賞是一種獨特的戶外體驗，讓人得以遠離城市的光污染，享受純淨的夜空。無論是與朋友、家人還是獨自一人，這都是一種令人心靈寧靜的活動。選擇合適的露營地選擇一個遠離城市光害的露營地是星空觀賞的首要步驟。理想的露營地應該有開闊的視野、少量的人為燈光，以及安全舒適的營地設施。事先了解天氣情況也是至關重要的。準備裝備星空觀賞需要一些特定的裝備。除了基本的露營裝備如帳篷、睡袋和照明工具外，一個穩定的天文望遠鏡或雙筒望遠鏡，星圖和紅光手電筒（不會影響夜視能力）也是必要的。搭建營地到達露營地後，選擇一個平坦、視野開闊的地方搭建營地。避免選擇樹木密集或地形起伏較大的地方，以確保最佳的觀星效果。搭建好帳篷後，準備好觀星的位置和裝備。了解星空在觀賞星空之前，先了解一下星座和主要天體的位置和特點。這樣可以在觀星時更容易找到特定的星座和天體。使用星圖或手機應用來輔助觀測，會讓整個過程更加有趣。夜間觀賞技巧夜間觀賞星空需要一些技巧。讓眼睛適應黑暗大約需要20分鐘，因此要避免使用強光。紅光手電筒是理想的照明工具，不會破壞夜視能力。使用天文望遠鏡或雙筒望遠鏡觀察細節。享受寧靜時光在寧靜的夜晚仰望星空，是一種難得', '2024-07-19 14:07:02', '2024-07-19 14:07:02'),
(4, '露營與螢火蟲的魔幻之旅', '豊鑫', '在夏夜的露營地，看到螢火蟲點亮夜空，是一種夢幻般的體驗。這些小小的發光生物，讓大自然的夜晚充滿了魔力和浪漫氣息。選擇合適的露營地要享受螢火蟲之夜，選擇一個螢火蟲活躍的露營地是至關重要的。這些地方通常是濕地、森林邊緣或有水源的草地。了解螢火蟲的習性和最佳觀賞時間，能夠讓你的露營之夜更加精彩。準備裝備露營的裝備是確保舒適和安全的關鍵。帳篷、睡袋、照明工具、驅蚊劑和適合拍攝螢火蟲的攝影器材都是必要的裝備。此外，準備一些輕便的野餐食品和水，也是不可忽視的細節。搭建營地到達露營地後，選擇一個平坦、安全的地方搭建營地。盡量避免過於靠近水邊，以防蚊蟲叮咬和其他潛在的危險。搭建好帳篷後，安排好休息區和活動區，確保有足夠的空間觀賞螢火蟲。了解螢火蟲在觀賞螢火蟲之前，了解一些關於它們的知識會讓體驗更加豐富。螢火蟲的發光原理、生活習性以及不同種類的螢火蟲，都值得探索。這些知識不僅增加了趣味性，還能幫助我們更好地保護這些小生靈。夜間觀賞技巧夜間觀賞螢火蟲需要一些技巧。保持安靜，避免使用強光源，因為這會影響螢火蟲的活動。使用紅光手電筒是比較好的選擇，不會打擾螢火蟲的自然節奏。耐心等待，靜靜地欣賞它們的光芒。攝影', '2024-07-19 14:07:02', '2024-07-19 14:07:02'),
(5, '露營與獨木舟的冒險之旅', '于卉', '露營與獨木舟結合在一起，是一場充滿挑戰和樂趣的冒險之旅。這種活動讓你能夠探索自然的美景，體驗水上運動的刺激，同時享受露營的寧靜與放鬆。選擇合適的露營地選擇一個適合獨木舟活動的露營地是成功的關鍵。理想的地點應該有平靜的湖泊或緩流的河流，並且周圍有適合搭建營地的平坦區域。提前了解當地的水情和天氣預報，以確保活動的安全。準備裝備露營和獨木舟活動需要特定的裝備。除了基本的露營裝備如帳篷、睡袋和炊具外，還需要準備獨木舟、划槳、救生衣和防水袋等。確保所有裝備都經過檢查並妥善打包，以應對各種可能的情況。搭建營地到達露營地後，選擇一個靠近水源且安全的地方搭建營地。避免過於靠近水邊，以防潮水或洪水。搭建好帳篷後，確保有一個乾燥的地方存放獨木舟和其他裝備，並安排好休息區和烹飪區。獨木舟技巧掌握一些基本的獨木舟技巧，會讓你的水上探險更加順利。學習如何正確划槳、轉彎和控制獨木舟的平衡，是確保安全和順利航行的關鍵。初學者可以先在平靜的水面上練習，逐漸增加難度。水上探險獨木舟帶你探索湖泊和河流的隱秘角落，享受獨特的視角和美景。你可以靜靜地划過湖面，觀察水中的魚群和水鳥，也可以沿著河流前行，探索沿途的自然風光。這種', '2024-07-19 14:07:02', '2024-07-19 14:07:02'),
(6, '搭建帳篷的指南', '于卉', '選擇合適的營地是搭建帳篷的第一步。理想的營地應該是平坦的地面，遠離水源、風口和野生動物出沒的地方。選擇一個安全且便於搭建的地點，可以為後續的露營活動打下良好的基礎。在出發露營之前，確保你已經準備好所有必要的裝備。除了帳篷本身，還需要地墊、睡袋、錘子、帳篷釘和繩子等工具。檢查所有裝備是否完好無損，並進行適當的打包，以便於攜帶和使用。在搭建帳篷之前，先清理地面上的石頭、樹枝和其他雜物，以確保地面平整。這不僅能增加帳篷的穩定性，還能提高睡眠的舒適度。清理乾淨後，可以鋪上一層防水地墊，以防潮濕。不同類型的帳篷有不同的組裝方式，但一般來說，首先要展開帳篷布，然後組裝帳篷骨架。按照說明書的指示，將骨架插入帳篷布的相應插槽中，確保每個部分都穩固連接。帳篷組裝好後，下一步是固定帳篷。使用帳篷釘將四角固定在地面上，確保帳篷不會被風吹走。可以用錘子輕輕敲打帳篷釘，使其更加穩固。然後使用繩子和帳篷桿，將帳篷拉撐起來。帳篷固定好後，調整帳篷內部的設置。鋪上地墊和睡袋，將個人物品整理好，確保內部空間整潔有序。如果天氣較冷，可以在帳篷內部加上保暖墊或毯子，增加保暖效果。搭建帳篷的過程中，要注意安全。使用工具時，避', '2024-07-19 14:07:02', '2024-07-19 14:07:02'),
(7, '熊不是你的朋友', '昱穎', '這是一篇關於防熊的文章，有一天，我突然發現了一個令人興奮的露營博客。這個部落格充滿了關於大自然的美麗描述，以及露營生活中的種種冒險故事。在這個博客中，我發現了許多有關露營地點、戶外裝備和野外生存技巧的寶貴資訊。每一篇文章都像一場探險，帶領我穿越森林、越過山川，去探索大自然的奇妙之處。我迫不及待地分享了這個博客的連結給我的朋友們，因為我相信他們也會被這些精彩的故事所吸引。在這個露營部落格的世界裡，每一篇文章都是獨特的冒險，每一次閱讀都是心靈的洗禮。我期待在未來的日子裡，繼續跟隨這個博客，與大自然親密接觸，感受生活的美好。這個露營博客成為了我生活中的一部分，它不僅僅是一個網站，更是我靈魂的家園，讓我在城市喧囂中找到了片刻的寧靜和慰藉。我感謝這個博客的創作者，因為他們用文字和圖片，為我打開了通往自然世界的大門，讓我體驗了生活的真諦。', '2024-07-19 14:07:02', '2024-07-19 14:07:02'),
(8, '驅蟲高手', '家浚', '有一天，我突然發現了一個令人興奮的露營博客。這個部落格充滿了關於大自然的美麗描述，以及露營生活中的種種冒險故事。在這個博客中，我發現了許多有關露營地點、戶外裝備和野外生存技巧的寶貴資訊。每一篇文章都像一場探險，帶領我穿越森林、越過山川，去探索大自然的奇妙之處。我迫不及待地分享了這個博客的連結給我的朋友們，因為我相信他們也會被這些精彩的故事所吸引。在這個露營部落格的世界裡，每一篇文章都是獨特的冒險，每一次閱讀都是心靈的洗禮。我期待在未來的日子裡，繼續跟隨這個博客，與大自然親密接觸，感受生活的美好。這個露營博客成為了我生活中的一部分，它不僅僅是一個網站，更是我靈魂的家園，讓我在城市喧囂中找到了片刻的寧靜和慰藉。我感謝這個博客的創作者，因為他們用文字和圖片，為我打開了通往自然世界的大門，讓我體驗了生活的真諦。', '2024-07-19 14:07:02', '2024-07-19 14:07:02'),
(9, '橡皮筏注意與安全', '為煬', '這是一篇關於橡皮筏的文章，有一天，我突然發現了一個令人興奮的露營博客。這個部落格充滿了關於大自然的美麗描述，以及露營生活中的種種冒險故事。在這個博客中，我發現了許多有關露營地點、戶外裝備和野外生存技巧的寶貴資訊。每一篇文章都像一場探險，帶領我穿越森林、越過山川，去探索大自然的奇妙之處。我迫不及待地分享了這個博客的連結給我的朋友們，因為我相信他們也會被這些精彩的故事所吸引。在這個露營部落格的世界裡，每一篇文章都是獨特的冒險，每一次閱讀都是心靈的洗禮。我期待在未來的日子裡，繼續跟隨這個博客，與大自然親密接觸，感受生活的美好。這個露營博客成為了我生活中的一部分，它不僅僅是一個網站，更是我靈魂的家園，讓我在城市喧囂中找到了片刻的寧靜和慰藉。我感謝這個博客的創作者，因為他們用文字和圖片，為我打開了通往自然世界的大門，讓我體驗了生活的真諦。', '2024-07-19 14:07:02', '2024-07-19 14:07:02');

-- --------------------------------------------------------

--
-- 資料表結構 `likes_blog`
--

CREATE TABLE `likes_blog` (
  `id` int NOT NULL,
  `customer_id` int NOT NULL,
  `blog_id` int NOT NULL
) ENGINE=InnoDB DEFAULT CHARSET=utf8mb4 COLLATE=utf8mb4_general_ci;

--
-- 傾印資料表的資料 `likes_blog`
--

INSERT INTO `likes_blog` (`id`, `customer_id`, `blog_id`) VALUES
(3, 1, 7),
(10, 1, 24),
(24, 1, 36),
(23, 1, 37),
(4, 2, 7),
(11, 2, 24),
(5, 3, 7),
(6, 4, 7),
(7, 4, 24),
(9, 5, 6),
(8, 5, 24);

-- --------------------------------------------------------

--
-- 資料表結構 `orders`
--

CREATE TABLE `orders` (
  `id` int NOT NULL,
  `customer_id` int NOT NULL,
  `store_id` int NOT NULL,
  `room_campsite_id` int NOT NULL,
  `coupon_id` int NOT NULL,
  `order_date` timestamp NOT NULL DEFAULT CURRENT_TIMESTAMP,
  `checkin_date` date NOT NULL,
  `checkout_date` date NOT NULL,
  `guests` int NOT NULL,
  `total_day` int NOT NULL,
  `total_price` int NOT NULL,
  `payment_status` varchar(50) CHARACTER SET utf8mb4 COLLATE utf8mb4_general_ci NOT NULL,
  `credit_card` varchar(50) CHARACTER SET utf8mb4 COLLATE utf8mb4_general_ci NOT NULL,
  `note` varchar(500) CHARACTER SET utf8mb4 COLLATE utf8mb4_general_ci NOT NULL
) ENGINE=InnoDB DEFAULT CHARSET=utf8mb4 COLLATE=utf8mb4_general_ci;

--
-- 傾印資料表的資料 `orders`
--

INSERT INTO `orders` (`id`, `customer_id`, `store_id`, `room_campsite_id`, `coupon_id`, `order_date`, `checkin_date`, `checkout_date`, `guests`, `total_day`, `total_price`, `payment_status`, `credit_card`, `note`) VALUES
(1, 1, 18, 21, 1, '2024-05-09 08:48:50', '2024-05-17', '2024-05-24', 3, 8, 8800, '已付款', '7777-6666-2222-3333', '備註123456'),
(2, 2, 21, 10, 1, '2024-05-09 08:50:30', '2024-05-18', '2024-05-24', 4, 7, 8400, '未付款', '7777-6666-2222-3333', '備註444'),
(3, 3, 24, 4, 1, '2024-05-09 08:53:12', '2024-05-23', '2024-05-25', 4, 3, 3600, '已付款', '7777-6666-2222-3333', '備註555'),
(4, 1, 18, 6, 1, '2024-05-09 08:48:50', '2024-05-17', '2024-05-20', 3, 4, 4400, '未付款', '7777-6666-2222-3333', '備註123'),
(5, 2, 21, 10, 1, '2024-05-09 08:50:30', '2024-05-18', '2024-05-24', 5, 7, 8400, '已付款', '7777-6666-2222-3333', '備註444'),
(6, 3, 24, 4, 1, '2024-05-09 08:53:12', '2024-05-23', '2024-05-25', 4, 3, 3600, '已付款', '7777-6666-2222-3333', '備註555'),
(7, 1, 18, 6, 1, '2024-05-09 08:48:50', '2024-05-17', '2024-05-20', 3, 4, 4400, '未付款', '7777-6666-2222-3333', '備註123'),
(8, 2, 21, 9, 1, '2024-05-09 08:50:30', '2024-05-18', '2024-05-21', 3, 4, 4800, '已付款', '7777-6666-2222-3333', '備註456'),
(9, 3, 24, 4, 1, '2024-05-09 08:53:12', '2024-05-23', '2024-05-25', 4, 3, 3600, '已付款', '7777-6666-2222-3333', '備註555'),
(10, 1, 18, 6, 1, '2024-05-09 08:48:50', '2024-05-17', '2024-05-20', 3, 4, 4400, '未付款', '7777-6666-2222-3333', '備註123'),
(11, 2, 21, 9, 1, '2024-05-09 08:50:30', '2024-05-18', '2024-05-21', 3, 4, 4800, '已付款', '7777-6666-2222-3333', '備註456'),
(12, 3, 24, 4, 1, '2024-05-09 08:53:12', '2024-05-23', '2024-05-25', 4, 3, 3600, '已付款', '7777-6666-2222-3333', '備註555'),
(13, 1, 18, 6, 1, '2024-05-09 08:48:50', '2024-05-17', '2024-05-20', 3, 4, 4400, '未付款', '7777-6666-2222-3333', '備註123'),
(14, 2, 21, 9, 1, '2024-05-09 08:50:30', '2024-05-18', '2024-05-21', 3, 4, 4800, '已付款', '7777-6666-2222-3333', '備註456'),
(15, 3, 24, 4, 1, '2024-05-09 08:53:12', '2024-05-23', '2024-05-25', 4, 3, 3600, '已付款', '7777-6666-2222-3333', '備註555'),
(16, 1, 18, 6, 1, '2024-05-09 08:48:50', '2024-05-17', '2024-05-20', 3, 4, 4400, '未付款', '7777-6666-2222-3333', '備註123'),
(17, 2, 21, 9, 1, '2024-05-09 08:50:30', '2024-05-18', '2024-05-21', 3, 4, 4800, '已付款', '7777-6666-2222-3333', '備註456'),
(18, 3, 24, 4, 1, '2024-05-09 08:53:12', '2024-05-23', '2024-05-25', 4, 3, 3600, '已付款', '7777-6666-2222-3333', '備註555'),
(19, 1, 18, 6, 1, '2024-05-09 08:48:50', '2024-05-17', '2024-05-20', 3, 4, 4400, '未付款', '7777-6666-2222-3333', '備註123'),
(20, 2, 21, 9, 1, '2024-05-09 08:50:30', '2024-05-18', '2024-05-21', 3, 4, 4800, '已付款', '7777-6666-2222-3333', '備註456'),
(21, 3, 24, 4, 1, '2024-05-09 08:53:12', '2024-05-23', '2024-05-25', 4, 3, 3600, '已付款', '7777-6666-2222-3333', '備註555'),
(22, 1, 18, 6, 1, '2024-05-09 08:48:50', '2024-05-17', '2024-05-20', 3, 4, 4400, '未付款', '7777-6666-2222-3333', '備註123'),
(25, 2, 21, 9, 1, '2024-05-09 08:50:30', '2024-05-18', '2024-05-21', 3, 4, 4800, '已付款', '7777-6666-2222-3333', '備註456'),
(26, 3, 24, 4, 1, '2024-05-09 08:53:12', '2024-05-23', '2024-05-25', 4, 3, 3600, '已付款', '7777-6666-2222-3333', '備註555');

-- --------------------------------------------------------

--
-- 資料表結構 `owners`
--

CREATE TABLE `owners` (
  `owners_id` int NOT NULL,
  `name` varchar(255) CHARACTER SET utf8mb4 COLLATE utf8mb4_general_ci NOT NULL,
  `gender` varchar(15) CHARACTER SET utf8mb4 COLLATE utf8mb4_general_ci NOT NULL,
  `password` varchar(255) CHARACTER SET utf8mb4 COLLATE utf8mb4_general_ci NOT NULL,
  `birthday` date DEFAULT NULL,
  `email` varchar(255) CHARACTER SET utf8mb4 COLLATE utf8mb4_general_ci NOT NULL,
  `id_card` varchar(20) CHARACTER SET utf8mb4 COLLATE utf8mb4_general_ci NOT NULL,
  `mobile` varchar(50) CHARACTER SET utf8mb4 COLLATE utf8mb4_general_ci NOT NULL,
  `address` varchar(255) CHARACTER SET utf8mb4 COLLATE utf8mb4_general_ci DEFAULT NULL,
  `bank_account` varchar(255) CHARACTER SET utf8mb4 COLLATE utf8mb4_general_ci NOT NULL,
  `member_status` tinyint(1) NOT NULL,
  `created_at` datetime NOT NULL DEFAULT CURRENT_TIMESTAMP
) ENGINE=InnoDB DEFAULT CHARSET=utf8mb4 COLLATE=utf8mb4_general_ci;

--
-- 傾印資料表的資料 `owners`
--

INSERT INTO `owners` (`owners_id`, `name`, `gender`, `password`, `birthday`, `email`, `id_card`, `mobile`, `address`, `bank_account`, `member_status`, `created_at`) VALUES
(1, '陳詩涵', 'male', '$2y$10$W30HZ9vtWX30cbW2Q35xB.KbGwAlxJmfnhRxcnvxpYdRJsVD4BQlO', '1997-10-25', 'mail23798@test.com', 'D117342333', '0918474452', '臺中市', '56420777668746', 1, '2024-05-09 16:03:51'),
(2, '梁冠廷', 'male', '$2y$10$/MvLUa/1CyKOJcDqtfwIReKc366w5jeSTRXSlLQiVyePhnLH0VhxG', '1994-11-13', 'mail67842@test.com', 'D272973348', '0918712726', '雲林縣', '15049447942225', 1, '2024-05-09 16:03:51'),
(3, '鄧家瑋', 'female', '$2y$10$F0Xrgg3rYV5oSq5a/7aruOTGnVknI0juA8LlKaacWO1NUa8sVuNgC', '1995-08-05', 'mail18387@test.com', 'D166768145', '0918835995', '澎湖縣', '29247070571283', 1, '2024-05-09 16:03:51'),
(4, '許宇軒', 'female', '$2y$10$gHW7lVOFIt7mYYd3RrnVKeowuiqUPJ581OmAOI07pd3u445r.3Phu', '1988-09-15', 'mail56405@test.com', 'D292910490', '0918577366', '高雄市', '17085548398123', 1, '2024-05-09 16:03:51'),
(5, '許鈺婷', 'female', '$2y$10$4TXXoubmphlJ1sI966uQo.Z3oty9i.qCmq2yjsG/21RHDUkDwMYsW', '1991-09-10', 'mail75454@test.com', 'D195268313', '0918711194', '苗栗縣', '18385506215646', 1, '2024-05-09 16:03:51'),
(6, '蕭鈺婷', 'male', '$2y$10$37kJT1xKxnrXCf5foQ6mW.kFDnTRE/5t.eFi7qdbdqAjuf0i9bRo.', '1985-07-15', 'mail63845@test.com', 'D269638416', '0918855570', '臺北市', '72214464762211', 1, '2024-05-09 16:03:51'),
(7, '唐宜庭', 'female', '$2y$10$hhnSv76UUOXvmJIDIQ6FKuyTRquoqzoYw87e.zWGDePtW4bjEwLU.', '1999-04-12', 'mail52282@test.com', 'D216131600', '0918208889', '屏東縣', '85950973484468', 1, '2024-05-09 16:03:51'),
(8, '許冠霖', 'male', '$2y$10$sIeTcW3lJs9FW/T9Ysn1XO.k01S7z4aI5ghSLgnm3tSjet.IAYfGO', '1985-10-26', 'mail22517@test.com', 'D263829219', '0918492072', '新北市', '71392406294369', 1, '2024-05-09 16:03:51'),
(9, '張宗翰', 'male', '$2y$10$1vyx96osuzBrAJB/srEhnOPMb8/4sajtCIk71qEok1HcEd7qHNtOC', '1986-03-27', 'mail32880@test.com', 'D296128549', '0918321208', '宜蘭縣', '66448917206592', 1, '2024-05-09 16:03:51'),
(10, '高詩涵', 'male', '$2y$10$uAw2Ue6fJSXyy3AWSqa4eeDwR/Xy3EUnObIrmYZ/KYQKcR5fuCfIa', '1996-01-25', 'mail16466@test.com', 'D289156212', '0918695209', '臺北市', '14435541067401', 1, '2024-05-09 16:03:51'),
(11, '劉冠宇', 'male', '$2y$10$nglJSAWjCPIrrbmY3LusH.6jrhf9tzeMYGv8bPGf/2CL/Pq.0w0ZO', '1999-06-13', 'mail36303@test.com', 'D234997615', '0918202713', '新竹縣', '93090143832861', 1, '2024-05-09 16:03:51'),
(12, '胡冠廷', 'female', '$2y$10$2l5nxD5AI4bUqsbCOWo0qunVDitjIltAJsodGC0L.WtKw8DNnXV8W', '1990-01-11', 'mail60490@test.com', 'D193122515', '0918265705', '新竹市', '56854853459253', 1, '2024-05-09 16:03:51'),
(13, '謝怡婷', 'female', '$2y$10$/981ajf3rH0W3Q9JrqY6quNbDABHvArDxqFnQUdptEKUUCgC98Lhe', '1993-08-16', 'mail60016@test.com', 'D253940834', '0918332206', '臺南市', '66254285326361', 1, '2024-05-09 16:03:51'),
(14, '於承翰', 'female', '$2y$10$DJdVv22Fa7zPMH/vHauQFepipaiKWvvr0t8joXAYUovCO9Yl0PLVy', '1999-08-14', 'mail40175@test.com', 'D292912500', '0918679743', '雲林縣', '46139867986599', 1, '2024-05-09 16:03:51'),
(15, '胡承翰2', 'male', '$2y$10$483saVWhSSG34S/BnNRGXOFdum6y83aTWCiljBhjxmJSF2CXB/9zm', '1986-08-27', 'mail74853@test.com', 'D127837555', '0918272636', '新北市', '60965419370634', 0, '2024-05-09 16:03:51'),
(16, '劉郁婷', 'male', '$2y$10$7D6lKG0ffjFKt/q7OAk2yuR7Wya7QdbG5JnbCog/.XyDN6KlVG0iq', '1991-07-08', 'mail48019@test.com', 'D288549675', '0918596358', '宜蘭縣', '40534918825888', 1, '2024-05-09 16:03:51'),
(17, '羅冠廷', 'female', '$2y$10$DmVfLCmbPxAfJ.nl/DGxveh7xueAkR.NL74btzUp76jMXhRn9ieyi', '1987-05-23', 'mail66058@test.com', 'D170118846', '0918520406', '高雄市', '27565384210534', 1, '2024-05-09 16:03:51'),
(18, '王怡君', 'male', '$2y$10$FXaEYvxe3tPJOgtCitNVnuJoNVc10l9lWPYaOzPIZJ21Adn7pdZRO', '1997-11-11', 'mail57429@test.com', 'D183491395', '0918915748', '嘉義市', '67051356699383', 1, '2024-05-09 16:03:51'),
(19, '李雅婷', 'female', '$2y$10$PDmZ9KFfqf8a/.hehUiw7O.QEhz.RwcbD4EmxH2Hp47xxhfk5aLv6', '1989-07-08', 'mail15673@test.com', 'D266047351', '0918965793', '臺南市', '88797255482044', 1, '2024-05-09 16:03:51'),
(20, '楊怡君', 'male', '$2y$10$K7/2NvPWC3Qe8KWGFrgFnexfUIgNZ/wIs0uCYFO6W49Um.omZMKRC', '1997-06-04', 'mail76018@test.com', 'D158382482', '0918933530', '澎湖縣', '45195548022369', 1, '2024-05-09 16:03:52'),
(21, '董怡婷', 'female', '$2y$10$zcC.EJscdwLFqWqzi.CVzuqHyCu3NEYZvN4Ofo6QFoo5D55ZKcJcS', '1985-08-31', 'mail51271@test.com', 'D257761081', '0918424002', '新北市', '24577123592074', 1, '2024-05-09 16:03:52'),
(22, '蕭宗翰', 'female', '$2y$10$GbuqLugbFBwZgVTvaKcPDuxatTM7hyX9A1uH5rnbf7IGuGmx9/M3m', '1997-05-18', 'mail13587@test.com', 'D199650108', '0918922806', '彰化縣', '60396488132402', 1, '2024-05-09 16:03:52'),
(23, '黃家豪', 'male', '$2y$10$BMrUwuFkl46Zn540LVMwo..3JpZT3gY5jPdqpIh1EbECY7eCp3v4e', '1998-03-01', 'mail27599@test.com', 'D125482561', '0918961484', '新竹縣', '22651618110266', 1, '2024-05-09 16:03:52'),
(24, '梁柏翰', 'female', '$2y$10$rCNy1Mm7lbl9wcEE9rbGreJz.BAce/r/qB9WfzXjO5Lcm39cb87ju', '1987-12-11', 'mail84914@test.com', 'D224242876', '0918764156', '彰化縣', '55657279603835', 1, '2024-05-09 16:03:52'),
(25, '林怡萱2', 'male', '$2y$10$WARFGCes1aaACxy9BsMn/eb0rKBxtKu.iD9zfoTbQWhTxNIqvDoI6', '1989-04-30', 'mail56229@test.com', 'D255958455', '0918992399', '臺南市', '91566642985364', 0, '2024-05-09 16:03:52'),
(28, '小王', 'male', '$2y$10$WyS1H80DKcvRp9ie3v596euXkOcGX1SF/iTOAsLeElDW/z3zaouIO', NULL, 'ggg@mail.com', 'E213513687', '0977777777', '12313', '012345678912345', 1, '2024-05-10 09:20:21'),
(30, '程怡君', 'male', '$2y$10$pc4rmeMp.Sd8ZXGBPWTRDuv0fgBysAAEuzLc0ZMKThNLZasE/4eiy', '1990-05-03', 'mail90359@test.com', 'D234342125', '0918799503', '金門縣', '77294119233213', 1, '2024-05-10 15:02:56'),
(31, '李冠宇', 'female', '$2y$10$QD9XAg94EYdBqJYIzMy6qO2ZyLA8zdIq/7H/humI5e.P5/N1Yhd/u', '1987-02-21', 'mail49638@test.com', 'D162354986', '0918585349', '桃園市', '73774407821368', 1, '2024-05-10 15:02:56'),
(32, '於冠廷', 'male', '$2y$10$12y0H8ZW9n7alw6I2iLzkOnIAZfOp2wqg6NUHeGNNUqf.YLPzV7y.', '1986-05-31', 'mail58897@test.com', 'D262209355', '0918185733', '臺北市', '22657786412438', 1, '2024-05-10 15:02:56'),
(33, '曾承翰', 'female', '$2y$10$QphCX7kHImucOeHsPe5hru59BwetY6RKMHpvcZZG3JYAijMUBMuLm', '1996-03-18', 'mail66670@test.com', 'D245234931', '0918185917', '苗栗縣', '52307666438719', 1, '2024-05-10 15:02:56'),
(34, '宋詩涵', 'male', '$2y$10$/qi5DM4BaFEJCBvJU4nXZOE8QGvPNM7FK.qBs2V/aFhrnprZAkTb2', '1987-03-19', 'mail70660@test.com', 'D171625847', '0918247777', '基隆市', '18645545161969', 1, '2024-05-10 15:02:56'),
(35, '傅郁婷', 'female', '$2y$10$1qicixpq9xqUu9ezYDWdhuaxs75FmeX/VArcfP2/gtJWyv0EOZOQm', '1988-11-13', 'mail56322@test.com', 'D198069790', '0918912664', '臺東縣', '73336363831305', 1, '2024-05-10 15:02:56'),
(36, '胡柏翰', 'female', '$2y$10$JiTC5J0B5Cx05ESYhIPRTOge4.utxsvvMkAP2vwVKIO5h4Kt92Z6K', '1990-04-14', 'mail63673@test.com', 'D226128633', '0918912460', '連江縣', '32987787558107', 1, '2024-05-10 15:02:56'),
(37, '劉冠廷', 'male', '$2y$10$woeY3FtyvZF4WYhRyTNRDOyF6X8i2Kw7R4s1HBaGU4cAUrMNEyCEy', '1986-05-12', 'mail25199@test.com', 'D164052711', '0918623674', '雲林縣', '29494982467285', 1, '2024-05-10 15:02:57'),
(38, '袁佳穎', 'female', '$2y$10$rktLCmCqPj2cH8FEnqMuMeZlnO0Y1AdP4lqjTalZzLO/kmo38vlr2', '1993-08-13', 'mail83700@test.com', 'D117502120', '0918452530', '臺東縣', '41944061202982', 1, '2024-05-10 15:02:57'),
(39, '沈冠廷', 'female', '$2y$10$wrJ3l12XwC/3h9Xd7ZdxUOYGbzqbtEweoh1aWrDJ3k82G0NVqLoOG', '1998-11-22', 'mail65343@test.com', 'D243791101', '0918116253', '宜蘭縣', '83643763275847', 1, '2024-05-10 15:02:57'),
(40, '趙雅婷', 'female', '$2y$10$uvjzKpBlMgN4kOOElgr5r./q7Xq4tx/BEucJVkNEXgDrPN5O0Lr0G', '1999-02-14', 'mail20959@test.com', 'D188588446', '0918862554', '嘉義縣', '96728177394403', 1, '2024-05-10 15:02:57'),
(41, '唐郁婷', 'male', '$2y$10$igPqUsieSR1YNerVsZ0NueJj38jZRVrRZ6VnN.sjTHE1pHgYxEnBW', '1992-08-04', 'mail64119@test.com', 'D297810485', '0918965107', '新竹縣', '94840914352350', 1, '2024-05-10 15:02:57'),
(42, '馮怡萱', 'male', '$2y$10$mBXFnMq5ln38mNGw22H6dum0a1LyKU4SMV0.IhJ8cRY56HBqFgaM2', '1998-04-22', 'mail88564@test.com', 'D134108159', '0918335401', '雲林縣', '15618343286566', 1, '2024-05-10 15:02:57'),
(43, '趙宜庭', 'male', '$2y$10$TSR5mt1x6juVrwPc.0Lz4OcpQnx74N4tHXbKMUH9v.5P48oWlFImi', '1985-02-20', 'mail66475@test.com', 'D123872923', '0918187675', '新竹縣', '81788613284151', 1, '2024-05-10 15:02:57'),
(44, '宋怡萱', 'female', '$2y$10$X7X/CKzIRB317h/DsIoV8.6sSMndDobRxUibXxrB6fmdqqJ9GyrRO', '1994-10-18', 'mail39840@test.com', 'D248327647', '0918781024', '連江縣', '21505149986395', 1, '2024-05-10 15:02:57'),
(45, '郭宜庭', 'male', '$2y$10$c297bWK/OMtUN/qD58z/WOGLOuNa1NMUdZeZtJJWjRbtUoppGf2Iq', '1989-12-26', 'mail55735@test.com', 'D156040064', '0918916241', '連江縣', '77785062953085', 1, '2024-05-10 15:02:57'),
(46, '劉宜庭', 'male', '$2y$10$vzzCelvzgPiRiX/i/37mLegg1f0sFV8VeI4ERAGUF78RSXPyFGxHG', '1987-12-19', 'mail44651@test.com', 'D213463916', '0918193885', '澎湖縣', '66348699193811', 1, '2024-05-10 15:02:57'),
(47, '高雅婷', 'male', '$2y$10$6V9IKi3urD6nBs/6NyVTDe7xyHc1zPdtyGbHltfeNv840S/gHNwSK', '1989-08-28', 'mail79297@test.com', 'D146628153', '0918987368', '嘉義市', '49491342140912', 1, '2024-05-10 15:02:57'),
(48, '趙詩涵', 'female', '$2y$10$vios4WFMLBYyqtplFe0Vzel0g4LwO3/3q82/NOW0QUqC5SaFmGhKe', '1999-11-12', 'mail90030@test.com', 'D269414168', '0918631431', '基隆市', '47149747800731', 1, '2024-05-10 15:02:57'),
(49, '胡怡君', 'female', '$2y$10$17G8JtHGBfUsARMCh5hgBuDws254t6MX7QbjWSwnE1Ogmjwq4G3kW', '1985-11-03', 'mail69206@test.com', 'D188939460', '0918925542', '宜蘭縣', '65009396173945', 1, '2024-05-10 15:02:57'),
(50, '沈彥廷', 'male', '$2y$10$Ge7BfWHeMjpmFV90tUuE2OR.TsYehnS5NabylPo33VeDHoRdbc1pm', '1985-04-27', 'mail71220@test.com', 'D190892011', '0918747865', '新竹縣', '72522159320847', 1, '2024-05-10 15:02:57'),
(51, '趙宗翰', 'male', '$2y$10$ztcErHYgLluYYVfLnk0dsew8jqHQeQ/alzK0k4spA8NvYkGDfyj82', '1986-04-15', 'mail34426@test.com', 'D177064986', '0918379968', '臺東縣', '41047344305443', 1, '2024-05-10 15:02:57'),
(52, '許承翰', 'male', '$2y$10$Rfx.H92IWDd7jI5izHOlueB72Lo3PcyBT37V5jICLDgp/.Y2io6fS', '1998-12-08', 'mail30703@test.com', 'D135522865', '0918912356', '臺中市', '97584823626071', 1, '2024-05-10 15:02:57'),
(53, '鄭詩涵', 'female', '$2y$10$fRdLuEUlXyXYPVJDI7GfzO5rED1GSNsZEdCLsBFXqh5QnfMZOC7TC', '1991-01-05', 'mail46919@test.com', 'D231991012', '0918940821', '高雄市', '79817534222401', 1, '2024-05-10 15:02:57'),
(54, '徐冠廷', 'female', '$2y$10$yU9qTbKXtUrNsLX3W95S7ObS9or2XK3CUU9Zg2qk4ZysVMNdzTiS2', '1988-08-16', 'mail94488@test.com', 'D177939794', '0918601197', '金門縣', '65760752943508', 1, '2024-05-10 15:02:57');

-- --------------------------------------------------------

--
-- 資料表結構 `purchase_item`
--

CREATE TABLE `purchase_item` (
  `id` int NOT NULL,
  `purchase_order_id` varchar(255) CHARACTER SET utf8mb3 COLLATE utf8mb3_general_ci DEFAULT NULL,
  `store_id` int DEFAULT NULL,
  `room_id` int DEFAULT NULL,
  `startdate` date DEFAULT NULL,
  `enddate` date DEFAULT NULL,
  `totalday` int DEFAULT NULL,
  `price` int DEFAULT NULL,
  `created_at` datetime NOT NULL,
  `updated_at` datetime NOT NULL
) ENGINE=InnoDB DEFAULT CHARSET=utf8mb3;

--
-- 傾印資料表的資料 `purchase_item`
--

INSERT INTO `purchase_item` (`id`, `purchase_order_id`, `store_id`, `room_id`, `startdate`, `enddate`, `totalday`, `price`, `created_at`, `updated_at`) VALUES
(105, '140f3c4b-da16-431b-b4c7-10cbadba0e7f', 1, 100, '2024-07-01', '2024-07-09', NULL, 13800, '2024-07-21 01:53:33', '2024-07-21 01:53:33');

-- --------------------------------------------------------

--
-- 資料表結構 `purchase_order`
--

CREATE TABLE `purchase_order` (
  `id` varchar(255) NOT NULL COMMENT 'UUID',
  `user_id` int NOT NULL,
  `amount` int DEFAULT NULL,
  `transaction_id` varchar(255) DEFAULT NULL,
  `payment` varchar(255) DEFAULT NULL COMMENT 'LINE Pay, 信用卡, ATM',
  `shipping` varchar(255) DEFAULT NULL COMMENT '7-11, Family Mart, Hi-Life, OK Mart, 郵局, 宅配',
  `status` varchar(255) DEFAULT NULL COMMENT 'pending, paid, fail, cancel, error',
  `order_info` text COMMENT 'send to line pay',
  `reservation` text COMMENT 'get from line pay',
  `confirm` text COMMENT 'confirm from line pay',
  `return_code` varchar(255) DEFAULT NULL,
  `created_at` datetime NOT NULL,
  `updated_at` datetime NOT NULL
) ENGINE=InnoDB DEFAULT CHARSET=utf8mb3;

--
-- 傾印資料表的資料 `purchase_order`
--

INSERT INTO `purchase_order` (`id`, `user_id`, `amount`, `transaction_id`, `payment`, `shipping`, `status`, `order_info`, `reservation`, `confirm`, `return_code`, `created_at`, `updated_at`) VALUES
('140f3c4b-da16-431b-b4c7-10cbadba0e7f', 99, 13800, NULL, NULL, NULL, 'pending', '{\"orderId\":\"140f3c4b-da16-431b-b4c7-10cbadba0e7f\",\"currency\":\"TWD\",\"amount\":13800,\"options\":{\"display\":{\"locale\":\"zh_TW\"}}}', NULL, NULL, NULL, '2024-07-21 01:53:33', '2024-07-21 01:53:33');

-- --------------------------------------------------------

--
-- 資料表結構 `rooms_campsites`
--

CREATE TABLE `rooms_campsites` (
  `rooms_campsites_id` int NOT NULL,
  `stores_id` int NOT NULL,
  `name` varchar(255) CHARACTER SET utf8mb4 COLLATE utf8mb4_general_ci NOT NULL,
  `normal_price` int NOT NULL,
  `holiday_price` int NOT NULL,
  `night_price` int DEFAULT NULL,
  `type` varchar(30) CHARACTER SET utf8mb4 COLLATE utf8mb4_general_ci DEFAULT NULL,
  `amount` int DEFAULT NULL,
  `people` int DEFAULT NULL,
  `square_meters` varchar(30) CHARACTER SET utf8mb4 COLLATE utf8mb4_general_ci DEFAULT NULL,
  `introduction` varchar(1000) CHARACTER SET utf8mb4 COLLATE utf8mb4_general_ci DEFAULT NULL,
  `img` varchar(3000) CHARACTER SET utf8mb4 COLLATE utf8mb4_general_ci DEFAULT NULL
) ENGINE=InnoDB DEFAULT CHARSET=utf8mb4 COLLATE=utf8mb4_general_ci;

--
-- 傾印資料表的資料 `rooms_campsites`
--

INSERT INTO `rooms_campsites` (`rooms_campsites_id`, `stores_id`, `name`, `normal_price`, `holiday_price`, `night_price`, `type`, `amount`, `people`, `square_meters`, `introduction`, `img`) VALUES
(1, 1, '木屋雅房A8', 1000, 3400, 800, 'bed', 1, 8, '5m * 5m', '房間介紹', '001.jpg'),
(2, 2, '小木屋A4', 1200, 2200, 900, 'bed', 1, 8, '4m * 4m', '房間介紹', '002.jpg'),
(3, 3, '小木屋A3', 2000, 2100, 800, 'bed', 1, 5, '4m * 4m', '房間介紹', '003.jpg'),
(4, 4, '小木屋A1', 1100, 3200, 800, 'bed', 1, 10, '6m * 6m', '房間介紹', '004.jpg'),
(5, 5, '木屋雅房A7', 1500, 3400, 900, 'bed', 1, 3, '4m * 4m', '房間介紹', '005.jpg'),
(6, 6, '小木屋A4', 1200, 2200, 800, 'bed', 1, 3, '4m * 4m', '房間介紹', '006.jpg'),
(7, 7, '小木屋A1', 1200, 2800, 900, 'bed', 1, 12, '6m * 6m', '房間介紹', '007.jpg'),
(8, 8, '小木屋A2', 1100, 2800, 900, 'bed', 1, 10, '6m * 6m', '房間介紹', '012.jpg'),
(9, 9, '小木屋A1', 1500, 2100, 900, 'bed', 1, 2, '4m * 4m', '房間介紹', '014.jpg'),
(10, 10, '小木屋A1', 1500, 2200, 800, 'bed', 1, 12, '6m * 6m', '房間介紹', '013.jpg'),
(11, 11, '木屋雅房A5', 1200, 3200, 900, 'bed', 1, 12, '4m * 4m', '房間介紹', '008.jpg'),
(12, 12, '小木屋A4', 1200, 3200, 900, 'bed', 1, 2, '6m * 6m', '房間介紹', '016.jpg'),
(13, 13, '小木屋A2', 1000, 2200, 900, 'bed', 1, 4, '6m * 6m', '房間介紹', '009.jpg'),
(14, 14, '小木屋A1', 1500, 2200, 800, 'bed', 1, 5, '6m * 6m', '房間介紹', '011.jpg'),
(15, 15, '草地B4', 2000, 2800, 800, 'tent', 1, 6, '5m * 5m', '營帳介紹', '021.jpg'),
(16, 16, '碎石地C2', 2000, 2800, 900, 'tent', 1, 10, '6m * 6m', '營帳介紹', '025.jpg'),
(17, 17, '草地B1', 2000, 2200, 800, 'tent', 1, 6, '5m * 5m', '營帳介紹', '024.jpg'),
(18, 18, '碎石地C3', 1500, 2100, 800, 'tent', 1, 11, '5m * 5m', '營帳介紹', '010.jpg'),
(19, 19, '草地B2', 2000, 2800, 800, 'tent', 1, 5, '5m * 5m', '營帳介紹', '023.jpg'),
(20, 20, '草地B2', 1000, 2800, 800, 'tent', 1, 10, '6m * 6m', '營帳介紹', '020.jpg'),
(21, 21, '碎石地C2', 2000, 3200, 800, 'tent', 1, 2, '6m * 6m', '營帳介紹', '022.jpg'),
(22, 22, '草地B2', 1500, 2100, 900, 'tent', 1, 2, '5m * 5m', '營帳介紹', '017.jpg'),
(23, 23, '草地B3', 1200, 3200, 800, 'tent', 1, 10, '4m * 4m', '營帳介紹', '019.jpg'),
(24, 24, '露營車2號', 3200, 800, 800, 'tent', 1, 10, '4m * 5m', '營帳介紹', '008.jpg'),
(25, 25, '木屋雅房A3', 1000, 3400, 800, 'bed', 1, 8, '5m * 5m', '房間介紹', '001.jpg'),
(26, 26, '木屋雅房A2', 1000, 3400, 800, 'bed', 1, 8, '5m * 5m', '房間介紹', '001.jpg'),
(27, 27, '小木屋A1', 1200, 2800, 900, 'bed', 1, 12, '6m * 6m', '房間介紹', '007.jpg'),
(28, 28, '碎石地C3', 1500, 2100, 800, 'tent', 1, 11, '5m * 5m', '營帳介紹', '010.jpg'),
(29, 1, '小木屋A1', 1100, 3200, 800, 'bed', 1, 10, '6m * 6m', '房間介紹', '004.jpg'),
(30, 1, '小木屋A4', 1200, 2200, 800, 'bed', 1, 3, '4m * 4m', '房間介紹', '006.jpg'),
(31, 1, '碎石地C3', 1500, 2100, 800, 'tent', 1, 11, '5m * 5m', '營帳介紹', '010.jpg'),
(32, 1, '碎石地C2', 2000, 2800, 900, 'tent', 1, 10, '6m * 6m', '營帳介紹', '025.jpg'),
(33, 2, '木屋雅房A7', 1500, 3400, 900, 'bed', 1, 3, '4m * 4m', '房間介紹', '005.jpg'),
(34, 2, '小木屋A1', 1500, 2200, 800, 'bed', 1, 12, '6m * 6m', '房間介紹', '013.jpg'),
(35, 2, '碎石地C2', 2000, 3200, 800, 'tent', 1, 2, '6m * 6m', '營帳介紹', '022.jpg'),
(36, 2, '草地B2', 1500, 2100, 900, 'tent', 1, 2, '5m * 5m', '營帳介紹', '017.jpg'),
(37, 3, '小木屋A2', 1000, 2200, 900, 'bed', 1, 4, '6m * 6m', '房間介紹', '009.jpg'),
(38, 3, '木屋雅房A2', 1000, 3400, 800, 'bed', 1, 8, '5m * 5m', '房間介紹', '001.jpg'),
(39, 3, '草地B3', 1200, 3200, 800, 'tent', 1, 10, '4m * 4m', '營帳介紹', '019.jpg'),
(40, 3, '露營車2號', 3200, 800, 800, 'tent', 1, 10, '4m * 5m', '營帳介紹', '008.jpg'),
(41, 4, '小木屋A2', 1000, 2200, 900, 'bed', 1, 4, '6m * 6m', '房間介紹', '009.jpg'),
(42, 4, '小木屋A4', 1200, 2200, 800, 'bed', 1, 3, '4m * 4m', '房間介紹', '006.jpg'),
(43, 4, '碎石地C2', 2000, 2800, 900, 'tent', 1, 10, '6m * 6m', '營帳介紹', '025.jpg'),
(44, 4, '草地B1', 2000, 2200, 800, 'tent', 1, 6, '5m * 5m', '營帳介紹', '024.jpg'),
(45, 5, '小木屋A2', 1000, 2200, 900, 'bed', 1, 4, '6m * 6m', '房間介紹', '009.jpg'),
(46, 5, '碎石地C3', 1500, 2100, 800, 'tent', 1, 11, '5m * 5m', '營帳介紹', '010.jpg'),
(47, 5, '草地B3', 1200, 3200, 800, 'tent', 1, 10, '4m * 4m', '營帳介紹', '019.jpg'),
(48, 6, '露營車2號', 3200, 800, 800, 'tent', 1, 10, '4m * 5m', '營帳介紹', '008.jpg'),
(49, 6, '碎石地C3', 1500, 2100, 800, 'tent', 1, 11, '5m * 5m', '營帳介紹', '010.jpg'),
(50, 18, '木屋雅房A3', 1000, 3400, 800, 'bed', 1, 8, '5m * 5m', '房間介紹', '001.jpg'),
(51, 18, '小木屋A1', 1500, 2200, 800, 'bed', 1, 12, '6m * 6m', '房間介紹', '013.jpg'),
(52, 18, '木屋雅房A2', 1000, 3400, 800, 'bed', 1, 8, '5m * 5m', '房間介紹', '001.jpg'),
(53, 18, '露營車2號', 3200, 800, 800, 'tent', 1, 10, '4m * 5m', '營帳介紹', '008.jpg');

-- --------------------------------------------------------

--
-- 資料表結構 `room_campsite`
--

CREATE TABLE `room_campsite` (
  `rooms_campsites_id` int NOT NULL,
  `stores_id` int NOT NULL,
  `name` varchar(255) NOT NULL,
  `normal_price` int NOT NULL,
  `tent` int DEFAULT NULL,
  `bed` int DEFAULT NULL,
  `people` int DEFAULT NULL,
  `square_meters` varchar(255) DEFAULT NULL,
  `introduction` varchar(255) DEFAULT NULL,
  `created_at` datetime NOT NULL,
  `updated_at` datetime NOT NULL
) ENGINE=InnoDB DEFAULT CHARSET=utf8mb3;

-- --------------------------------------------------------

--
-- 資料表結構 `sessions`
--

CREATE TABLE `sessions` (
  `session_id` varchar(128) CHARACTER SET utf8mb4 COLLATE utf8mb4_bin NOT NULL,
  `expires` int UNSIGNED NOT NULL,
  `data` mediumtext CHARACTER SET utf8mb4 COLLATE utf8mb4_bin
) ENGINE=InnoDB DEFAULT CHARSET=utf8mb4 COLLATE=utf8mb4_general_ci;

-- --------------------------------------------------------

--
-- 資料表結構 `shopping_cart`
--

CREATE TABLE `shopping_cart` (
  `id` int NOT NULL,
  `customer_id` int NOT NULL,
  `stores_id` int NOT NULL,
  `FK: rooms_campsites_id` int NOT NULL,
  `coupon_id` int NOT NULL,
  `checkin_date` date NOT NULL,
  `checkout_date` date NOT NULL,
  `guests` int NOT NULL,
  `total_day` int NOT NULL,
  `total_price` int NOT NULL
) ENGINE=InnoDB DEFAULT CHARSET=utf8mb4 COLLATE=utf8mb4_general_ci;

-- --------------------------------------------------------

--
-- 資料表結構 `store`
--

CREATE TABLE `store` (
  `stores_id` int NOT NULL,
  `owners_id` int NOT NULL,
  `name` varchar(255) NOT NULL,
  `mobile` varchar(255) NOT NULL,
  `address` varchar(255) NOT NULL,
  `longitude` varchar(255) NOT NULL,
  `latitude` varchar(255) NOT NULL,
  `altitude` varchar(255) NOT NULL,
  `precautions` varchar(255) DEFAULT NULL,
  `introduction` varchar(255) DEFAULT NULL,
  `created_at` datetime NOT NULL,
  `updated_at` datetime NOT NULL
) ENGINE=InnoDB DEFAULT CHARSET=utf8mb3;

--
-- 傾印資料表的資料 `store`
--

INSERT INTO `store` (`stores_id`, `owners_id`, `name`, `mobile`, `address`, `longitude`, `latitude`, `altitude`, `precautions`, `introduction`, `created_at`, `updated_at`) VALUES
(1, 1, '香格里拉休閒農場', '0924566789', '南投縣', '23.92', '120.88', '200', '入營的車輛移動請減速慢行，注意周圍孩童及設備。 嚴格分類，廚餘統一 營內請妥善保管私人財物、裝備用品、食材等，以上營地無保管責任。 請注意犬吠及清理排遺、露營屋禁入 營內有天然植木、石板／塊、土坡、階梯等處，通行請注意安全。 營內提供免費垂釣魚池 每個營位限用1條延長線，規定使用距離最近的插座，禁止私接它處電源 提供免費wifi', '讓你盡享豐富多樣的景點。無論您喜歡登山、海灘還是文化探險，這裡都能滿足您的需求，每一天都充滿新的發現。 享受壯麗的山景和海景。這裡的景色壯觀，讓您流連忘返，每一刻都值得珍惜，是放鬆心靈和享受生活的最佳選擇。 享受自然美景和文化。這裡融合了壯麗的自然景觀與豐富的文化底蘊，讓您在旅行中既能欣賞美景，又能增長見聞。', '2024-07-18 20:32:40', '2024-07-18 20:32:40'),
(2, 2, '舊寮之心', '0924566781', '南投縣', '23.93', '120.89', '250', '提供衛浴 公用設備包含衛浴、供電、植栽等如有毀損或盜竊，須負責賠償及法律責任。 環境無論野生或栽種，禁止採果、勿食，及攀折花木。 營內請妥善保管私人財物、裝備用品、食材等，以上營地無保管責任。 每個營位限用1條延長線，規定使用距離最近的插座，禁止私接它處電源 請注意安全禁止：彈力繩配營釘、戲玩拋石／扔重物、夜間設球繩網。 請注意犬吠及清理排遺、露營屋禁入 戶外環境會有飛蚊蟲螞、蛇類、野生動物等出沒，請注意自身安全。', '提供沙灘車和水彈槍。這裡有各種刺激有趣的活動，讓您在休閒之餘也能享受冒險的快感，適合全家一起來玩。 讓你盡享豐富多樣的景點。無論您喜歡登山、海灘還是文化探險，這裡都能滿足您的需求，每一天都充滿新的發現。 享受壯麗的山景和海景。這裡的景色壯觀，讓您流連忘返，每一刻都值得珍惜，是放鬆心靈和享受生活的最佳選擇。', '2024-07-18 20:32:40', '2024-07-18 20:32:40'),
(3, 3, '天ㄟ藝文露營區', '0924566782', '南投縣', '23.94', '120.9', '300', '營內有天然植木、石板／塊、土坡、階梯等處，通行請注意安全。 提供衛浴 營內提供免費垂釣魚池 營內請妥善保管私人財物、裝備用品、食材等，以上營地無保管責任。 公共區域，嚴禁抽菸 公用設備包含衛浴、供電、植栽等如有毀損或盜竊，須負責賠償及法律責任。 每個營位限用1條延長線，規定使用距離最近的插座，禁止私接它處電源 戶外環境會有飛蚊蟲螞、蛇類、野生動物等出沒，請注意自身安全。', '享受自然美景和文化。這裡融合了壯麗的自然景觀與豐富的文化底蘊，讓您在旅行中既能欣賞美景，又能增長見聞。 壯麗的山景和無邊的海景。這裡的風光美不勝收，每天清晨和傍晚，您可以看到美麗的日出日落，讓人心曠神怡。 鄰近農場、沙灘和老街。您可以在這裡體驗農場生活，漫步在沙灘上，並探索當地老街的文化和歷史，充滿樂趣。', '2024-07-18 20:32:40', '2024-07-18 20:32:40'),
(4, 4, '梅花湖休閒農場', '0924566783', '南投縣', '23.95', '120.91', '350', '公共區域，嚴禁抽菸 公用設備包含衛浴、供電、植栽等如有毀損或盜竊，須負責賠償及法律責任。 離地焚火，自備薪柴 營內請妥善保管私人財物、裝備用品、食材等，以上營地無保管責任。 戶外環境會有飛蚊蟲螞、蛇類、野生動物等出沒，請注意自身安全。 天幕、客廳或炊事帳限搭個人營位，切勿佔用鄰近營位或人車動線處。 請注意犬吠及清理排遺、露營屋禁入 每個營位限用1條延長線，規定使用距離最近的插座，禁止私接它處電源', '在自然美景中找到平衡。這裡的美景讓您感受到大自然的神奇與力量，幫助您在繁忙的生活中找到內心的平靜。 提供沙灘車和水彈槍。這裡有各種刺激有趣的活動，讓您在休閒之餘也能享受冒險的快感，適合全家一起來玩。 來釋放都市壓力吧！遠離城市的喧囂，享受寧靜的自然環境，在這裡您可以徹底放鬆，恢復身心的平靜與活力。', '2024-07-18 20:32:40', '2024-07-18 20:32:40'),
(5, 5, '一期一會莊園露營地', '0924566784', '南投縣', '23.96', '120.92', '400', '入營的車輛移動請減速慢行，注意周圍孩童及設備。 提供衛浴 每個營位限用1條延長線，規定使用距離最近的插座，禁止私接它處電源 離地焚火，自備薪柴 公用設備包含衛浴、供電、植栽等如有毀損或盜竊，須負責賠償及法律責任。 戶外環境會有飛蚊蟲螞、蛇類、野生動物等出沒，請注意自身安全。 天幕、客廳或炊事帳限搭個人營位，切勿佔用鄰近營位或人車動線處。 營內提供免費垂釣魚池', '在自然美景中找到平衡。這裡的美景讓您感受到大自然的神奇與力量，幫助您在繁忙的生活中找到內心的平靜。 提供沙灘車和水彈槍。這裡有各種刺激有趣的活動，讓您在休閒之餘也能享受冒險的快感，適合全家一起來玩。 享受壯麗的山景和海景。這裡的景色壯觀，讓您流連忘返，每一刻都值得珍惜，是放鬆心靈和享受生活的最佳選擇。', '2024-07-18 20:32:40', '2024-07-18 20:32:40'),
(6, 6, '東風有機休閒農場', '0924566785', '嘉義縣', '23.97', '120.93', '450', '營內提供免費垂釣魚池 提供衛浴 請注意犬吠及清理排遺、露營屋禁入 離地焚火，自備薪柴 公用設備包含衛浴、供電、植栽等如有毀損或盜竊，須負責賠償及法律責任。 請注意安全禁止：彈力繩配營釘、戲玩拋石／扔重物、夜間設球繩網。 環境無論野生或栽種，禁止採果、勿食，及攀折花木。 用電：為維護及安全，營內禁止高瓦數電器，如電磁爐、電鍋烤箱、電熱壺、電暖爐冷氣、型電器等。', '在自然美景中找到平衡。這裡的美景讓您感受到大自然的神奇與力量，幫助您在繁忙的生活中找到內心的平靜。 周邊景點豐富多樣。無論是自然景觀還是文化遺址，這裡都有豐富的選擇，讓您的旅程充滿驚喜與收穫，值得一遊。 享受自然美景和文化。這裡融合了壯麗的自然景觀與豐富的文化底蘊，讓您在旅行中既能欣賞美景，又能增長見聞。', '2024-07-18 20:32:40', '2024-07-18 20:32:40'),
(7, 7, '又想露營趣', '0924566786', '嘉義縣', '23.98', '120.94', '500', '每個營位限用1條延長線，規定使用距離最近的插座，禁止私接它處電源 離地焚火，自備薪柴 嚴格分類，廚餘統一 天幕、客廳或炊事帳限搭個人營位，切勿佔用鄰近營位或人車動線處。 提供免費wifi 環境無論野生或栽種，禁止採果、勿食，及攀折花木。 公用設備包含衛浴、供電、植栽等如有毀損或盜竊，須負責賠償及法律責任。 提供衛浴', '鄰近農場、沙灘和老街。您可以在這裡體驗農場生活，漫步在沙灘上，並探索當地老街的文化和歷史，充滿樂趣。 享受壯麗的山景和海景。這裡的景色壯觀，讓您流連忘返，每一刻都值得珍惜，是放鬆心靈和享受生活的最佳選擇。 提供沙灘車和水彈槍。這裡有各種刺激有趣的活動，讓您在休閒之餘也能享受冒險的快感，適合全家一起來玩。', '2024-07-18 20:32:40', '2024-07-18 20:32:40'),
(8, 8, '三富休閒農場', '0924566787', '苗栗縣', '23.99', '120.95', '550', '公用設備包含衛浴、供電、植栽等如有毀損或盜竊，須負責賠償及法律責任。 提供免費wifi 環境無論野生或栽種，禁止採果、勿食，及攀折花木。 嚴格分類，廚餘統一 離地焚火，自備薪柴 請注意犬吠及清理排遺、露營屋禁入 公共區域，嚴禁抽菸 營內請妥善保管私人財物、裝備用品、食材等，以上營地無保管責任。', '鄰近農場、沙灘和老街。您可以在這裡體驗農場生活，漫步在沙灘上，並探索當地老街的文化和歷史，充滿樂趣。 享受自然美景和文化。這裡融合了壯麗的自然景觀與豐富的文化底蘊，讓您在旅行中既能欣賞美景，又能增長見聞。 壯麗的山景和無邊的海景。這裡的風光美不勝收，每天清晨和傍晚，您可以看到美麗的日出日落，讓人心曠神怡。', '2024-07-18 20:32:40', '2024-07-18 20:32:40'),
(9, 9, '仁山茶園民宿', '0924566788', '苗栗縣', '24', '120.96', '600', '用電：為維護及安全，營內禁止高瓦數電器，如電磁爐、電鍋烤箱、電熱壺、電暖爐冷氣、型電器等。 公共區域，嚴禁抽菸 戶外環境會有飛蚊蟲螞、蛇類、野生動物等出沒，請注意自身安全。 嚴格分類，廚餘統一 環境無論野生或栽種，禁止採果、勿食，及攀折花木。 天幕、客廳或炊事帳限搭個人營位，切勿佔用鄰近營位或人車動線處。 請注意安全禁止：彈力繩配營釘、戲玩拋石／扔重物、夜間設球繩網。 請注意犬吠及清理排遺、露營屋禁入', '鄰近農場、沙灘和老街。您可以在這裡體驗農場生活，漫步在沙灘上，並探索當地老街的文化和歷史，充滿樂趣。 享受壯麗的山景和海景。這裡的景色壯觀，讓您流連忘返，每一刻都值得珍惜，是放鬆心靈和享受生活的最佳選擇。 周邊景點豐富多樣。無論是自然景觀還是文化遺址，這裡都有豐富的選擇，讓您的旅程充滿驚喜與收穫，值得一遊。', '2024-07-18 20:32:40', '2024-07-18 20:32:40'),
(10, 10, 'LoopLand 露營度假村', '0924566789', '南投縣', '24.01', '120.97', '650', '天幕、客廳或炊事帳限搭個人營位，切勿佔用鄰近營位或人車動線處。 嚴格分類，廚餘統一 公用設備包含衛浴、供電、植栽等如有毀損或盜竊，須負責賠償及法律責任。 用電：為維護及安全，營內禁止高瓦數電器，如電磁爐、電鍋烤箱、電熱壺、電暖爐冷氣、型電器等。 離地焚火，自備薪柴 入營的車輛移動請減速慢行，注意周圍孩童及設備。 公共區域，嚴禁抽菸 環境無論野生或栽種，禁止採果、勿食，及攀折花木。', '來釋放都市壓力吧！遠離城市的喧囂，享受寧靜的自然環境，在這裡您可以徹底放鬆，恢復身心的平靜與活力。 鄰近農場、沙灘和老街。您可以在這裡體驗農場生活，漫步在沙灘上，並探索當地老街的文化和歷史，充滿樂趣。 享受自然美景和文化。這裡融合了壯麗的自然景觀與豐富的文化底蘊，讓您在旅行中既能欣賞美景，又能增長見聞。', '2024-07-18 20:32:40', '2024-07-18 20:32:40'),
(11, 11, '有機可尋生態休閒農場', '0924566790', '南投縣', '24.02', '120.98', '700', '用電：為維護及安全，營內禁止高瓦數電器，如電磁爐、電鍋烤箱、電熱壺、電暖爐冷氣、型電器等。 每個營位限用1條延長線，規定使用距離最近的插座，禁止私接它處電源 營內請妥善保管私人財物、裝備用品、食材等，以上營地無保管責任。 請注意犬吠及清理排遺、露營屋禁入 公用設備包含衛浴、供電、植栽等如有毀損或盜竊，須負責賠償及法律責任。 戶外環境會有飛蚊蟲螞、蛇類、野生動物等出沒，請注意自身安全。 營內有天然植木、石板／塊、土坡、階梯等處，通行請注意安全。 環境無論野生或栽種，禁止採果、勿食，及攀折花木。', '讓你盡享豐富多樣的景點。無論您喜歡登山、海灘還是文化探險，這裡都能滿足您的需求，每一天都充滿新的發現。 享受自然美景和文化。這裡融合了壯麗的自然景觀與豐富的文化底蘊，讓您在旅行中既能欣賞美景，又能增長見聞。 邀請你來放鬆心情。這裡的環境非常適合放鬆和療養，遠離壓力和煩惱，讓您的心情煥然一新，回歸自然的懷抱。', '2024-07-18 20:32:40', '2024-07-18 20:32:40'),
(12, 12, '五美休閒農場', '0924566791', '南投縣', '24.03', '120.99', '750', '環境無論野生或栽種，禁止採果、勿食，及攀折花木。 營內提供免費垂釣魚池 每個營位限用1條延長線，規定使用距離最近的插座，禁止私接它處電源 入營的車輛移動請減速慢行，注意周圍孩童及設備。 請注意安全禁止：彈力繩配營釘、戲玩拋石／扔重物、夜間設球繩網。 戶外環境會有飛蚊蟲螞、蛇類、野生動物等出沒，請注意自身安全。 離地焚火，自備薪柴 天幕、客廳或炊事帳限搭個人營位，切勿佔用鄰近營位或人車動線處。', '邀請你來放鬆心情。這裡的環境非常適合放鬆和療養，遠離壓力和煩惱，讓您的心情煥然一新，回歸自然的懷抱。 鄰近農場、沙灘和老街。您可以在這裡體驗農場生活，漫步在沙灘上，並探索當地老街的文化和歷史，充滿樂趣。 享受自然美景和文化。這裡融合了壯麗的自然景觀與豐富的文化底蘊，讓您在旅行中既能欣賞美景，又能增長見聞。', '2024-07-18 20:32:40', '2024-07-18 20:32:40'),
(13, 13, '麗野莊園休閒農場', '0924566792', '南投縣', '24.04', '121', '800', '離地焚火，自備薪柴 天幕、客廳或炊事帳限搭個人營位，切勿佔用鄰近營位或人車動線處。 戶外環境會有飛蚊蟲螞、蛇類、野生動物等出沒，請注意自身安全。 提供免費wifi 請注意犬吠及清理排遺、露營屋禁入 提供衛浴 請注意安全禁止：彈力繩配營釘、戲玩拋石／扔重物、夜間設球繩網。 入營的車輛移動請減速慢行，注意周圍孩童及設備。', '邀請你來放鬆心情。這裡的環境非常適合放鬆和療養，遠離壓力和煩惱，讓您的心情煥然一新，回歸自然的懷抱。 享受壯麗的山景和海景。這裡的景色壯觀，讓您流連忘返，每一刻都值得珍惜，是放鬆心靈和享受生活的最佳選擇。 讓你盡享豐富多樣的景點。無論您喜歡登山、海灘還是文化探險，這裡都能滿足您的需求，每一天都充滿新的發現。', '2024-07-18 20:32:40', '2024-07-18 20:32:40'),
(14, 14, '同樂休閒綠園道', '0924566793', '南投縣', '24.05', '121.01', '850', '離地焚火，自備薪柴 提供衛浴 請注意犬吠及清理排遺、露營屋禁入 公共區域，嚴禁抽菸 公用設備包含衛浴、供電、植栽等如有毀損或盜竊，須負責賠償及法律責任。 營內提供免費垂釣魚池 用電：為維護及安全，營內禁止高瓦數電器，如電磁爐、電鍋烤箱、電熱壺、電暖爐冷氣、型電器等。 天幕、客廳或炊事帳限搭個人營位，切勿佔用鄰近營位或人車動線處。', '鄰近農場、沙灘和老街。您可以在這裡體驗農場生活，漫步在沙灘上，並探索當地老街的文化和歷史，充滿樂趣。 提供沙灘車和水彈槍。這裡有各種刺激有趣的活動，讓您在休閒之餘也能享受冒險的快感，適合全家一起來玩。 邀請你來放鬆心情。這裡的環境非常適合放鬆和療養，遠離壓力和煩惱，讓您的心情煥然一新，回歸自然的懷抱。', '2024-07-18 20:32:40', '2024-07-18 20:32:40'),
(15, 15, '大俠谷露營農莊', '0924566794', '花蓮縣', '24.06', '121.02', '900', '天幕、客廳或炊事帳限搭個人營位，切勿佔用鄰近營位或人車動線處。 提供免費wifi 入營的車輛移動請減速慢行，注意周圍孩童及設備。 營內提供免費垂釣魚池 離地焚火，自備薪柴 營內有天然植木、石板／塊、土坡、階梯等處，通行請注意安全。 請注意安全禁止：彈力繩配營釘、戲玩拋石／扔重物、夜間設球繩網。 戶外環境會有飛蚊蟲螞、蛇類、野生動物等出沒，請注意自身安全。', '鄰近農場、沙灘和老街。您可以在這裡體驗農場生活，漫步在沙灘上，並探索當地老街的文化和歷史，充滿樂趣。 讓你盡享豐富多樣的景點。無論您喜歡登山、海灘還是文化探險，這裡都能滿足您的需求，每一天都充滿新的發現。 提供沙灘車和水彈槍。這裡有各種刺激有趣的活動，讓您在休閒之餘也能享受冒險的快感，適合全家一起來玩。', '2024-07-18 20:32:40', '2024-07-18 20:32:40'),
(16, 16, 'Myasa 迷雅薩農場', '0924566795', '花蓮縣', '24.07', '121.03', '950', '用電：為維護及安全，營內禁止高瓦數電器，如電磁爐、電鍋烤箱、電熱壺、電暖爐冷氣、型電器等。 營內請妥善保管私人財物、裝備用品、食材等，以上營地無保管責任。 戶外環境會有飛蚊蟲螞、蛇類、野生動物等出沒，請注意自身安全。 入營的車輛移動請減速慢行，注意周圍孩童及設備。 公用設備包含衛浴、供電、植栽等如有毀損或盜竊，須負責賠償及法律責任。 提供免費wifi 離地焚火，自備薪柴 提供衛浴', '享受自然美景和文化。這裡融合了壯麗的自然景觀與豐富的文化底蘊，讓您在旅行中既能欣賞美景，又能增長見聞。 享受壯麗的山景和海景。這裡的景色壯觀，讓您流連忘返，每一刻都值得珍惜，是放鬆心靈和享受生活的最佳選擇。 壯麗的山景和無邊的海景。這裡的風光美不勝收，每天清晨和傍晚，您可以看到美麗的日出日落，讓人心曠神怡。', '2024-07-18 20:32:40', '2024-07-18 20:32:40'),
(17, 17, '金岳秘境露營區', '0924566796', '花蓮縣', '24.08', '121.04', '1000', '用電：為維護及安全，營內禁止高瓦數電器，如電磁爐、電鍋烤箱、電熱壺、電暖爐冷氣、型電器等。 營內請妥善保管私人財物、裝備用品、食材等，以上營地無保管責任。 營內提供免費垂釣魚池 請注意安全禁止：彈力繩配營釘、戲玩拋石／扔重物、夜間設球繩網。 公共區域，嚴禁抽菸 提供衛浴 每個營位限用1條延長線，規定使用距離最近的插座，禁止私接它處電源 請注意犬吠及清理排遺、露營屋禁入', '鄰近農場、沙灘和老街。您可以在這裡體驗農場生活，漫步在沙灘上，並探索當地老街的文化和歷史，充滿樂趣。 提供沙灘車和水彈槍。這裡有各種刺激有趣的活動，讓您在休閒之餘也能享受冒險的快感，適合全家一起來玩。 享受自然美景和文化。這裡融合了壯麗的自然景觀與豐富的文化底蘊，讓您在旅行中既能欣賞美景，又能增長見聞。', '2024-07-18 20:32:40', '2024-07-18 20:32:40'),
(18, 18, '喬之約露營區', '0924566797', '花蓮縣', '24.09', '121.05', '1050', '戶外環境會有飛蚊蟲螞、蛇類、野生動物等出沒，請注意自身安全。 請注意犬吠及清理排遺、露營屋禁入 天幕、客廳或炊事帳限搭個人營位，切勿佔用鄰近營位或人車動線處。 公用設備包含衛浴、供電、植栽等如有毀損或盜竊，須負責賠償及法律責任。 營內請妥善保管私人財物、裝備用品、食材等，以上營地無保管責任。 每個營位限用1條延長線，規定使用距離最近的插座，禁止私接它處電源 提供免費wifi 用電：為維護及安全，營內禁止高瓦數電器，如電磁爐、電鍋烤箱、電熱壺、電暖爐冷氣、型電器等。', '周邊景點豐富多樣。無論是自然景觀還是文化遺址，這裡都有豐富的選擇，讓您的旅程充滿驚喜與收穫，值得一遊。 讓你盡享豐富多樣的景點。無論您喜歡登山、海灘還是文化探險，這裡都能滿足您的需求，每一天都充滿新的發現。 來釋放都市壓力吧！遠離城市的喧囂，享受寧靜的自然環境，在這裡您可以徹底放鬆，恢復身心的平靜與活力。', '2024-07-18 20:32:40', '2024-07-18 20:32:40'),
(19, 19, '天涯九號露營區', '0924566798', '屏東縣', '24.1', '121.06', '1100', '營內請妥善保管私人財物、裝備用品、食材等，以上營地無保管責任。 環境無論野生或栽種，禁止採果、勿食，及攀折花木。 天幕、客廳或炊事帳限搭個人營位，切勿佔用鄰近營位或人車動線處。 營內有天然植木、石板／塊、土坡、階梯等處，通行請注意安全。 請注意安全禁止：彈力繩配營釘、戲玩拋石／扔重物、夜間設球繩網。 請注意犬吠及清理排遺、露營屋禁入 入營的車輛移動請減速慢行，注意周圍孩童及設備。 營內提供免費垂釣魚池', '周邊景點豐富多樣。無論是自然景觀還是文化遺址，這裡都有豐富的選擇，讓您的旅程充滿驚喜與收穫，值得一遊。 讓你盡享豐富多樣的景點。無論您喜歡登山、海灘還是文化探險，這裡都能滿足您的需求，每一天都充滿新的發現。 鄰近農場、沙灘和老街。您可以在這裡體驗農場生活，漫步在沙灘上，並探索當地老街的文化和歷史，充滿樂趣。', '2024-07-18 20:32:40', '2024-07-18 20:32:40'),
(20, 20, '蜜兒薩露營區', '0924566799', '屏東縣', '24.11', '121.07', '1150', '離地焚火，自備薪柴 環境無論野生或栽種，禁止採果、勿食，及攀折花木。 戶外環境會有飛蚊蟲螞、蛇類、野生動物等出沒，請注意自身安全。 入營的車輛移動請減速慢行，注意周圍孩童及設備。 天幕、客廳或炊事帳限搭個人營位，切勿佔用鄰近營位或人車動線處。 營內有天然植木、石板／塊、土坡、階梯等處，通行請注意安全。 營內請妥善保管私人財物、裝備用品、食材等，以上營地無保管責任。 請注意安全禁止：彈力繩配營釘、戲玩拋石／扔重物、夜間設球繩網。', '享受自然美景和文化。這裡融合了壯麗的自然景觀與豐富的文化底蘊，讓您在旅行中既能欣賞美景，又能增長見聞。 邀請你來放鬆心情。這裡的環境非常適合放鬆和療養，遠離壓力和煩惱，讓您的心情煥然一新，回歸自然的懷抱。 在自然美景中找到平衡。這裡的美景讓您感受到大自然的神奇與力量，幫助您在繁忙的生活中找到內心的平靜。', '2024-07-18 20:32:40', '2024-07-18 20:32:40'),
(21, 21, '摩諾營地', '0924566800', '屏東縣', '24.12', '121.08', '1200', '入營的車輛移動請減速慢行，注意周圍孩童及設備。 請注意安全禁止：彈力繩配營釘、戲玩拋石／扔重物、夜間設球繩網。 營內請妥善保管私人財物、裝備用品、食材等，以上營地無保管責任。 營內有天然植木、石板／塊、土坡、階梯等處，通行請注意安全。 環境無論野生或栽種，禁止採果、勿食，及攀折花木。 提供免費wifi 提供衛浴 離地焚火，自備薪柴', '提供沙灘車和水彈槍。這裡有各種刺激有趣的活動，讓您在休閒之餘也能享受冒險的快感，適合全家一起來玩。 鄰近農場、沙灘和老街。您可以在這裡體驗農場生活，漫步在沙灘上，並探索當地老街的文化和歷史，充滿樂趣。 享受壯麗的山景和海景。這裡的景色壯觀，讓您流連忘返，每一刻都值得珍惜，是放鬆心靈和享受生活的最佳選擇。', '2024-07-18 20:32:40', '2024-07-18 20:32:40'),
(22, 22, '瀧雲山莊(露營區)', '0924566801', '屏東縣', '24.13', '121.09', '1250', '公共區域，嚴禁抽菸 入營的車輛移動請減速慢行，注意周圍孩童及設備。 請注意安全禁止：彈力繩配營釘、戲玩拋石／扔重物、夜間設球繩網。 用電：為維護及安全，營內禁止高瓦數電器，如電磁爐、電鍋烤箱、電熱壺、電暖爐冷氣、型電器等。 每個營位限用1條延長線，規定使用距離最近的插座，禁止私接它處電源 營內提供免費垂釣魚池 營內請妥善保管私人財物、裝備用品、食材等，以上營地無保管責任。 環境無論野生或栽種，禁止採果、勿食，及攀折花木。', '鄰近農場、沙灘和老街。您可以在這裡體驗農場生活，漫步在沙灘上，並探索當地老街的文化和歷史，充滿樂趣。 享受壯麗的山景和海景。這裡的景色壯觀，讓您流連忘返，每一刻都值得珍惜，是放鬆心靈和享受生活的最佳選擇。 周邊景點豐富多樣。無論是自然景觀還是文化遺址，這裡都有豐富的選擇，讓您的旅程充滿驚喜與收穫，值得一遊。', '2024-07-18 20:32:40', '2024-07-18 20:32:40'),
(23, 23, '山豬露營區', '0924566802', '屏東縣', '24.14', '121.1', '1300', '離地焚火，自備薪柴 請注意安全禁止：彈力繩配營釘、戲玩拋石／扔重物、夜間設球繩網。 營內提供免費垂釣魚池 提供衛浴 用電：為維護及安全，營內禁止高瓦數電器，如電磁爐、電鍋烤箱、電熱壺、電暖爐冷氣、型電器等。 請注意犬吠及清理排遺、露營屋禁入 營內請妥善保管私人財物、裝備用品、食材等，以上營地無保管責任。 環境無論野生或栽種，禁止採果、勿食，及攀折花木。', '鄰近農場、沙灘和老街。您可以在這裡體驗農場生活，漫步在沙灘上，並探索當地老街的文化和歷史，充滿樂趣。 邀請你來放鬆心情。這裡的環境非常適合放鬆和療養，遠離壓力和煩惱，讓您的心情煥然一新，回歸自然的懷抱。 享受自然美景和文化。這裡融合了壯麗的自然景觀與豐富的文化底蘊，讓您在旅行中既能欣賞美景，又能增長見聞。', '2024-07-18 20:32:40', '2024-07-18 20:32:40'),
(24, 24, '鹿皮山水露營區', '0924566803', '屏東縣', '24.15', '121.11', '1350', '公用設備包含衛浴、供電、植栽等如有毀損或盜竊，須負責賠償及法律責任。 嚴格分類，廚餘統一 離地焚火，自備薪柴 營內請妥善保管私人財物、裝備用品、食材等，以上營地無保管責任。 請注意安全禁止：彈力繩配營釘、戲玩拋石／扔重物、夜間設球繩網。 營內提供免費垂釣魚池 提供衛浴 戶外環境會有飛蚊蟲螞、蛇類、野生動物等出沒，請注意自身安全。', '享受自然美景和文化。這裡融合了壯麗的自然景觀與豐富的文化底蘊，讓您在旅行中既能欣賞美景，又能增長見聞。 邀請你來放鬆心情。這裡的環境非常適合放鬆和療養，遠離壓力和煩惱，讓您的心情煥然一新，回歸自然的懷抱。 來釋放都市壓力吧！遠離城市的喧囂，享受寧靜的自然環境，在這裡您可以徹底放鬆，恢復身心的平靜與活力。', '2024-07-18 20:32:40', '2024-07-18 20:32:40'),
(25, 25, '幽洛谷慕露營區', '0924566804', '屏東縣', '24.16', '121.12', '1400', '營內提供免費垂釣魚池 離地焚火，自備薪柴 請注意安全禁止：彈力繩配營釘、戲玩拋石／扔重物、夜間設球繩網。 請注意犬吠及清理排遺、露營屋禁入 每個營位限用1條延長線，規定使用距離最近的插座，禁止私接它處電源 戶外環境會有飛蚊蟲螞、蛇類、野生動物等出沒，請注意自身安全。 天幕、客廳或炊事帳限搭個人營位，切勿佔用鄰近營位或人車動線處。 環境無論野生或栽種，禁止採果、勿食，及攀折花木。', '壯麗的山景和無邊的海景。這裡的風光美不勝收，每天清晨和傍晚，您可以看到美麗的日出日落，讓人心曠神怡。 周邊景點豐富多樣。無論是自然景觀還是文化遺址，這裡都有豐富的選擇，讓您的旅程充滿驚喜與收穫，值得一遊。 邀請你來放鬆心情。這裡的環境非常適合放鬆和療養，遠離壓力和煩惱，讓您的心情煥然一新，回歸自然的懷抱。', '2024-07-18 20:32:40', '2024-07-18 20:32:40'),
(26, 26, '友露溪谷露營區', '0924566805', '屏東縣', '24.17', '121.13', '1450', '營內請妥善保管私人財物、裝備用品、食材等，以上營地無保管責任。 環境無論野生或栽種，禁止採果、勿食，及攀折花木。 提供衛浴 營內提供免費垂釣魚池 請注意犬吠及清理排遺、露營屋禁入 戶外環境會有飛蚊蟲螞、蛇類、野生動物等出沒，請注意自身安全。 離地焚火，自備薪柴 每個營位限用1條延長線，規定使用距離最近的插座，禁止私接它處電源', '邀請你來放鬆心情。這裡的環境非常適合放鬆和療養，遠離壓力和煩惱，讓您的心情煥然一新，回歸自然的懷抱。 來釋放都市壓力吧！遠離城市的喧囂，享受寧靜的自然環境，在這裡您可以徹底放鬆，恢復身心的平靜與活力。 讓你盡享豐富多樣的景點。無論您喜歡登山、海灘還是文化探險，這裡都能滿足您的需求，每一天都充滿新的發現。', '2024-07-18 20:32:40', '2024-07-18 20:32:40'),
(27, 27, '河那灣營地', '0924566806', '屏東縣', '24.18', '121.14', '1500', '提供衛浴 入營的車輛移動請減速慢行，注意周圍孩童及設備。 營內有天然植木、石板／塊、土坡、階梯等處，通行請注意安全。 天幕、客廳或炊事帳限搭個人營位，切勿佔用鄰近營位或人車動線處。 環境無論野生或栽種，禁止採果、勿食，及攀折花木。 戶外環境會有飛蚊蟲螞、蛇類、野生動物等出沒，請注意自身安全。 公用設備包含衛浴、供電、植栽等如有毀損或盜竊，須負責賠償及法律責任。 離地焚火，自備薪柴', '邀請你來放鬆心情。這裡的環境非常適合放鬆和療養，遠離壓力和煩惱，讓您的心情煥然一新，回歸自然的懷抱。 壯麗的山景和無邊的海景。這裡的風光美不勝收，每天清晨和傍晚，您可以看到美麗的日出日落，讓人心曠神怡。 享受壯麗的山景和海景。這裡的景色壯觀，讓您流連忘返，每一刻都值得珍惜，是放鬆心靈和享受生活的最佳選擇。', '2024-07-18 20:32:40', '2024-07-18 20:32:40'),
(28, 28, '春風谷露營區', '0924566807', '屏東縣', '24.19', '121.15', '1550', '離地焚火，自備薪柴 營內提供免費垂釣魚池 營內請妥善保管私人財物、裝備用品、食材等，以上營地無保管責任。 請注意犬吠及清理排遺、露營屋禁入 入營的車輛移動請減速慢行，注意周圍孩童及設備。 公用設備包含衛浴、供電、植栽等如有毀損或盜竊，須負責賠償及法律責任。 每個營位限用1條延長線，規定使用距離最近的插座，禁止私接它處電源 環境無論野生或栽種，禁止採果、勿食，及攀折花木。', '享受壯麗的山景和海景。這裡的景色壯觀，讓您流連忘返，每一刻都值得珍惜，是放鬆心靈和享受生活的最佳選擇。 壯麗的山景和無邊的海景。這裡的風光美不勝收，每天清晨和傍晚，您可以看到美麗的日出日落，讓人心曠神怡。 周邊景點豐富多樣。無論是自然景觀還是文化遺址，這裡都有豐富的選擇，讓您的旅程充滿驚喜與收穫，值得一遊。', '2024-07-18 20:32:40', '2024-07-18 20:32:40'),
(29, 29, '那山那谷休閒農場', '0924566808', '屏東縣', '24.2', '121.16', '1600', '營內請妥善保管私人財物、裝備用品、食材等，以上營地無保管責任。 每個營位限用1條延長線，規定使用距離最近的插座，禁止私接它處電源 提供免費wifi 營內有天然植木、石板／塊、土坡、階梯等處，通行請注意安全。 公共區域，嚴禁抽菸 離地焚火，自備薪柴 請注意犬吠及清理排遺、露營屋禁入 用電：為維護及安全，營內禁止高瓦數電器，如電磁爐、電鍋烤箱、電熱壺、電暖爐冷氣、型電器等。', '在自然美景中找到平衡。這裡的美景讓您感受到大自然的神奇與力量，幫助您在繁忙的生活中找到內心的平靜。 周邊景點豐富多樣。無論是自然景觀還是文化遺址，這裡都有豐富的選擇，讓您的旅程充滿驚喜與收穫，值得一遊。 提供沙灘車和水彈槍。這裡有各種刺激有趣的活動，讓您在休閒之餘也能享受冒險的快感，適合全家一起來玩。', '2024-07-18 20:32:40', '2024-07-18 20:32:40');

-- --------------------------------------------------------

--
-- 資料表結構 `stores_img`
--

CREATE TABLE `stores_img` (
  `stores_img_id` int NOT NULL,
  `stores_id` int NOT NULL,
  `img_name` varchar(999) CHARACTER SET utf8mb4 COLLATE utf8mb4_general_ci NOT NULL DEFAULT '[]'
) ENGINE=InnoDB DEFAULT CHARSET=utf8mb4 COLLATE=utf8mb4_general_ci;

--
-- 傾印資料表的資料 `stores_img`
--

INSERT INTO `stores_img` (`stores_img_id`, `stores_id`, `img_name`) VALUES
(1, 1, '01.jpg,02.jpg,03.jpg,04.jpg,05.jpg,06.jpg,07.jpg,08.jpg,09.jpg,10.jpg,11.jpg,12.jpg,13.jpg,14.jpg,15.jpg,16.jpg,17.jpg,18.jpg,19.jpg,20.jpg'),
(2, 2, '10.jpg,11.jpg,12.jpg,13.jpg,14.jpg,15.jpg,16.jpg,17.jpg,18.jpg,19.jpg,20.jpg,21.jpg,22.jpg,23.jpg,24.jpg,25.jpg,26.jpg,27.jpg,28.jpg,29.jpg'),
(3, 3, '03.jpg,08.jpg,12.jpg,13.jpg,14.jpg,15.jpg,16.jpg,17.jpg,18.jpg,19.jpg,20.jpg,21.jpg,22.jpg,23.jpg,24.jpg,25.jpg,26.jpg,27.jpg,28.jpg,30.jpg'),
(4, 4, '06.jpg,02.jpg,12.jpg,13.jpg,14.jpg,15.jpg,16.jpg,17.jpg,18.jpg,19.jpg,20.jpg,21.jpg,22.jpg,23.jpg,24.jpg,25.jpg,26.jpg,27.jpg,28.jpg,31.jpg'),
(5, 5, '19.jpg,09.jpg,03.jpg,13.jpg,14.jpg,15.jpg,16.jpg,17.jpg,18.jpg,19.jpg,20.jpg,21.jpg,22.jpg,23.jpg,24.jpg,25.jpg,26.jpg,27.jpg,28.jpg,32.jpg'),
(6, 6, '11.jpg,13.jpg,03.jpg,04.jpg,05.jpg,06.jpg,07.jpg,08.jpg,09.jpg,10.jpg,11.jpg,12.jpg,13.jpg,14.jpg,15.jpg,16.jpg,17.jpg,18.jpg,19.jpg,20.jpg,21.jpg,22.jpg,23.jpg,24.jpg,25.jpg,26.jpg,27.jpg,28.jpg,'),
(7, 7, '15.jpg,08.jpg,03.jpg,04.jpg,05.jpg,06.jpg,07.jpg,08.jpg,09.jpg,10.jpg,11.jpg,12.jpg,13.jpg,14.jpg,15.jpg,16.jpg,17.jpg,18.jpg,19.jpg,20.jpg,21.jpg,22.jpg,23.jpg,24.jpg,25.jpg,26.jpg,27.jpg,28.jpg,'),
(8, 8, '25.jpg,19.jpg,03.jpg,04.jpg,05.jpg,06.jpg,07.jpg,08.jpg,09.jpg,10.jpg,11.jpg,12.jpg,13.jpg,14.jpg,15.jpg,16.jpg,17.jpg,18.jpg,19.jpg,20.jpg,21.jpg,22.jpg,23.jpg,24.jpg,25.jpg,26.jpg,27.jpg,28.jpg,'),
(9, 9, '27.jpg,15.jpg,03.jpg,04.jpg,05.jpg,06.jpg,07.jpg,08.jpg,09.jpg,10.jpg,11.jpg,12.jpg,13.jpg,14.jpg,15.jpg,16.jpg,17.jpg,18.jpg,19.jpg,20.jpg,21.jpg,22.jpg,23.jpg,24.jpg,25.jpg,26.jpg,27.jpg,28.jpg,'),
(10, 10, '29.jpg,25.jpg,26.jpg,27.jpg,28.jpg,01.jpg,02.jpg,03.jpg,04.jpg,05.jpg,06.jpg,07.jpg,08.jpg,09.jpg,10.jpg,11.jpg,12.jpg,13.jpg,14.jpg,15.jpg,16.jpg,17.jpg,18.jpg,19.jpg,20.jpg,21.jpg,22.jpg,23.jpg,'),
(11, 11, '16.jpg,15.jpg,16.jpg,17.jpg,18.jpg,19.jpg,01.jpg,02.jpg,03.jpg,04.jpg,05.jpg,06.jpg,07.jpg,08.jpg,09.jpg,10.jpg,11.jpg,12.jpg,13.jpg,20.jpg,21.jpg,22.jpg,23.jpg,24.jpg,25.jpg,26.jpg,27.jpg,28.jpg,'),
(12, 12, '05.jpg,10.jpg,11.jpg,12.jpg,14.jpg,15.jpg,16.jpg,17.jpg,18.jpg,19.jpg,01.jpg,02.jpg,03.jpg,04.jpg,05.jpg,06.jpg,07.jpg,08.jpg,13.jpg,20.jpg,21.jpg,22.jpg,23.jpg,24.jpg,25.jpg,26.jpg,27.jpg,28.jpg,'),
(13, 13, '04.jpg,23.jpg,24.jpg,25.jpg,26.jpg,09.jpg,10.jpg,11.jpg,12.jpg,14.jpg,15.jpg,16.jpg,17.jpg,18.jpg,19.jpg,01.jpg,02.jpg,03.jpg,04.jpg,05.jpg,06.jpg,07.jpg,08.jpg,13.jpg,20.jpg,21.jpg,27.jpg,28.jpg,'),
(14, 14, '08.jpg,08.jpg,09.jpg,10.jpg,01.jpg,02.jpg,03.jpg,04.jpg,05.jpg,06.jpg,11.jpg,12.jpg,13.jpg,14.jpg,15.jpg,16.jpg,17.jpg,18.jpg,19.jpg,20.jpg,21.jpg,22.jpg,23.jpg,24.jpg,25.jpg,26.jpg,27.jpg,28.jpg,'),
(15, 15, '13.jpg,09.jpg,10.jpg,11.jpg,12.jpg,13.jpg,14.jpg,15.jpg,01.jpg,02.jpg,03.jpg,04.jpg,05.jpg,06.jpg,07.jpg,16.jpg,17.jpg,18.jpg,19.jpg,20.jpg,21.jpg,22.jpg,23.jpg,24.jpg,25.jpg,26.jpg,27.jpg,28.jpg,'),
(16, 16, '18.jpg,08.jpg,09.jpg,10.jpg,11.jpg,12.jpg,01.jpg,02.jpg,03.jpg,04.jpg,05.jpg,06.jpg,13.jpg,14.jpg,15.jpg,16.jpg,17.jpg,18.jpg,19.jpg,20.jpg,21.jpg,22.jpg,23.jpg,24.jpg,25.jpg,26.jpg,27.jpg,28.jpg,'),
(17, 17, '21.jpg,22.jpg,23.jpg,24.jpg,25.jpg,26.jpg,27.jpg,01.jpg,02.jpg,03.jpg,04.jpg,05.jpg,06.jpg,07.jpg,08.jpg,09.jpg,10.jpg,11.jpg,12.jpg,13.jpg,14.jpg,15.jpg,16.jpg,17.jpg,18.jpg,19.jpg,20.jpg,28.jpg,'),
(18, 18, '17.jpg,18.jpg,19.jpg,20.jpg,21.jpg,22.jpg,23.jpg,01.jpg,02.jpg,03.jpg,04.jpg,05.jpg,06.jpg,07.jpg,08.jpg,09.jpg,10.jpg,11.jpg,12.jpg,13.jpg,14.jpg,15.jpg,16.jpg,24.jpg,25.jpg,26.jpg,27.jpg,28.jpg,'),
(19, 19, '19.jpg,20.jpg,21.jpg,22.jpg,23.jpg,24.jpg,25.jpg,26.jpg,27.jpg,28.jpg,01.jpg,02.jpg,03.jpg,04.jpg,05.jpg,06.jpg,07.jpg,08.jpg,09.jpg,10.jpg,11.jpg,12.jpg,13.jpg,14.jpg,15.jpg,16.jpg,17.jpg,18.jpg,'),
(20, 20, '20.jpg,21.jpg,22.jpg,23.jpg,24.jpg,25.jpg,26.jpg,27.jpg,28.jpg,01.jpg,02.jpg,03.jpg,04.jpg,05.jpg,06.jpg,07.jpg,08.jpg,09.jpg,10.jpg,11.jpg,12.jpg,13.jpg,14.jpg,15.jpg,16.jpg,17.jpg,18.jpg,19.jpg,'),
(21, 21, '21.jpg,22.jpg,23.jpg,24.jpg,25.jpg,26.jpg,27.jpg,28.jpg,01.jpg,02.jpg,03.jpg,04.jpg,05.jpg,06.jpg,07.jpg,08.jpg,09.jpg,10.jpg,11.jpg,12.jpg,13.jpg,14.jpg,15.jpg,16.jpg,17.jpg,18.jpg,19.jpg,20.jpg,'),
(22, 22, '22.jpg,23.jpg,24.jpg,25.jpg,26.jpg,27.jpg,28.jpg,01.jpg,02.jpg,03.jpg,04.jpg,05.jpg,06.jpg,07.jpg,08.jpg,09.jpg,10.jpg,11.jpg,12.jpg,13.jpg,14.jpg,15.jpg,16.jpg,17.jpg,18.jpg,19.jpg,20.jpg,21.jpg,'),
(23, 23, '23.jpg,24.jpg,25.jpg,26.jpg,27.jpg,28.jpg,01.jpg,02.jpg,03.jpg,04.jpg,05.jpg,06.jpg,07.jpg,08.jpg,09.jpg,10.jpg,11.jpg,12.jpg,13.jpg,14.jpg,15.jpg,16.jpg,17.jpg,18.jpg,19.jpg,20.jpg,21.jpg,22.jpg,'),
(24, 24, '24.jpg,25.jpg,26.jpg,27.jpg,28.jpg,01.jpg,02.jpg,03.jpg,04.jpg,05.jpg,06.jpg,07.jpg,08.jpg,09.jpg,10.jpg,11.jpg,12.jpg,13.jpg,14.jpg,15.jpg,16.jpg,17.jpg,18.jpg,19.jpg,20.jpg,21.jpg,22.jpg,23.jpg,'),
(25, 25, '11.jpg,12.jpg,13.jpg,14.jpg,15.jpg,16.jpg,17.jpg,01.jpg,02.jpg,03.jpg,04.jpg,05.jpg,06.jpg,07.jpg,08.jpg,09.jpg,10.jpg,18.jpg,19.jpg,20.jpg,21.jpg,22.jpg,23.jpg,24.jpg,25.jpg,26.jpg,27.jpg,28.jpg,'),
(26, 26, '05.jpg,06.jpg,07.jpg,08.jpg,09.jpg,10.jpg,01.jpg,02.jpg,03.jpg,04.jpg,11.jpg,12.jpg,13.jpg,14.jpg,15.jpg,16.jpg,17.jpg,18.jpg,19.jpg,20.jpg,21.jpg,22.jpg,23.jpg,24.jpg,25.jpg,26.jpg,27.jpg,28.jpg,'),
(27, 27, '09.jpg,10.jpg,11.jpg,12.jpg,13.jpg,14.jpg,15.jpg,16.jpg,17.jpg,18.jpg,19.jpg,20.jpg,21.jpg,22.jpg,01.jpg,02.jpg,03.jpg,04.jpg,05.jpg,06.jpg,07.jpg,08.jpg,23.jpg,24.jpg,25.jpg,26.jpg,27.jpg,28.jpg, '),
(28, 28, '13.jpg,14.jpg,15.jpg,16.jpg,17.jpg,18.jpg,19.jpg,20.jpg,21.jpg,22.jpg,01.jpg,02.jpg,03.jpg,04.jpg,09.jpg,10.jpg,11.jpg,12.jpg,05.jpg,06.jpg,07.jpg,08.jpg,23.jpg,24.jpg,25.jpg,26.jpg,27.jpg,28.jpg, '),
(29, 29, '17.jpg,18.jpg,19.jpg,20.jpg,21.jpg,22.jpg,01.jpg,02.jpg,03.jpg,04.jpg,05.jpg,06.jpg,07.jpg,08.jpg,09.jpg,10.jpg,11.jpg,12.jpg,13.jpg,14.jpg,15.jpg,16.jpg,23.jpg,24.jpg,25.jpg,26.jpg,27.jpg,28.jpg,');

-- --------------------------------------------------------

--
-- 資料表結構 `stores_informations`
--

CREATE TABLE `stores_informations` (
  `stores_informations_ id` int NOT NULL,
  `stores_id` int NOT NULL,
  `night_time` time DEFAULT NULL,
  `entry_time` time NOT NULL,
  `close_time` time NOT NULL,
  `water` tinyint(1) NOT NULL,
  `refrigerator` tinyint(1) NOT NULL,
  `bath_time` varchar(50) CHARACTER SET utf8mb4 COLLATE utf8mb4_general_ci DEFAULT NULL,
  `curfew` time DEFAULT NULL,
  `pet` tinyint(1) DEFAULT NULL
) ENGINE=InnoDB DEFAULT CHARSET=utf8mb4 COLLATE=utf8mb4_general_ci;

--
-- 傾印資料表的資料 `stores_informations`
--

INSERT INTO `stores_informations` (`stores_informations_ id`, `stores_id`, `night_time`, `entry_time`, `close_time`, `water`, `refrigerator`, `bath_time`, `curfew`, `pet`) VALUES
(1, 1, '18:00:00', '12:00:00', '12:00:00', 1, 1, '24H', '23:00:00', NULL),
(3, 4, '01:22:00', '12:20:00', '00:20:00', 1, 0, '02:22', '01:21:00', 1);

-- --------------------------------------------------------

--
-- 資料表結構 `store_tag`
--

CREATE TABLE `store_tag` (
  `store_tag_id` int NOT NULL,
  `stores_id` int NOT NULL,
  `tag_id` int NOT NULL,
  `created_at` datetime NOT NULL,
  `updated_at` datetime NOT NULL
) ENGINE=InnoDB DEFAULT CHARSET=utf8mb3;

--
-- 傾印資料表的資料 `store_tag`
--

INSERT INTO `store_tag` (`store_tag_id`, `stores_id`, `tag_id`, `created_at`, `updated_at`) VALUES
(1, 1, 5, '2024-07-18 20:32:40', '2024-07-18 20:32:40'),
(2, 1, 1, '2024-07-18 20:32:40', '2024-07-18 20:32:40'),
(3, 2, 5, '2024-07-18 20:32:40', '2024-07-18 20:32:40'),
(4, 2, 2, '2024-07-18 20:32:40', '2024-07-18 20:32:40'),
(5, 3, 5, '2024-07-18 20:32:40', '2024-07-18 20:32:40'),
(6, 3, 3, '2024-07-18 20:32:40', '2024-07-18 20:32:40'),
(7, 4, 5, '2024-07-18 20:32:40', '2024-07-18 20:32:40'),
(8, 4, 4, '2024-07-18 20:32:40', '2024-07-18 20:32:40'),
(9, 5, 5, '2024-07-18 20:32:40', '2024-07-18 20:32:40'),
(10, 5, 7, '2024-07-18 20:32:40', '2024-07-18 20:32:40'),
(11, 6, 5, '2024-07-18 20:32:40', '2024-07-18 20:32:40'),
(12, 6, 8, '2024-07-18 20:32:40', '2024-07-18 20:32:40'),
(13, 7, 6, '2024-07-18 20:32:40', '2024-07-18 20:32:40'),
(14, 7, 1, '2024-07-18 20:32:40', '2024-07-18 20:32:40'),
(15, 8, 6, '2024-07-18 20:32:40', '2024-07-18 20:32:40'),
(16, 8, 2, '2024-07-18 20:32:40', '2024-07-18 20:32:40'),
(17, 9, 6, '2024-07-18 20:32:40', '2024-07-18 20:32:40'),
(18, 9, 3, '2024-07-18 20:32:40', '2024-07-18 20:32:40'),
(19, 10, 6, '2024-07-18 20:32:40', '2024-07-18 20:32:40'),
(20, 10, 4, '2024-07-18 20:32:40', '2024-07-18 20:32:40'),
(21, 11, 6, '2024-07-18 20:32:40', '2024-07-18 20:32:40'),
(22, 11, 5, '2024-07-18 20:32:40', '2024-07-18 20:32:40'),
(23, 12, 6, '2024-07-18 20:32:40', '2024-07-18 20:32:40'),
(24, 12, 7, '2024-07-18 20:32:40', '2024-07-18 20:32:40'),
(25, 13, 9, '2024-07-18 20:32:40', '2024-07-18 20:32:40'),
(26, 13, 8, '2024-07-18 20:32:40', '2024-07-18 20:32:40'),
(27, 14, 9, '2024-07-18 20:32:40', '2024-07-18 20:32:40'),
(28, 14, 7, '2024-07-18 20:32:40', '2024-07-18 20:32:40'),
(29, 15, 9, '2024-07-18 20:32:40', '2024-07-18 20:32:40'),
(30, 15, 6, '2024-07-18 20:32:40', '2024-07-18 20:32:40'),
(31, 16, 9, '2024-07-18 20:32:40', '2024-07-18 20:32:40'),
(32, 16, 3, '2024-07-18 20:32:40', '2024-07-18 20:32:40'),
(33, 17, 9, '2024-07-18 20:32:40', '2024-07-18 20:32:40'),
(34, 17, 2, '2024-07-18 20:32:40', '2024-07-18 20:32:40'),
(35, 18, 9, '2024-07-18 20:32:40', '2024-07-18 20:32:40'),
(36, 18, 1, '2024-07-18 20:32:40', '2024-07-18 20:32:40'),
(37, 19, 4, '2024-07-18 20:32:40', '2024-07-18 20:32:40'),
(38, 19, 1, '2024-07-18 20:32:40', '2024-07-18 20:32:40'),
(39, 20, 4, '2024-07-18 20:32:40', '2024-07-18 20:32:40'),
(40, 20, 2, '2024-07-18 20:32:40', '2024-07-18 20:32:40'),
(41, 21, 4, '2024-07-18 20:32:40', '2024-07-18 20:32:40'),
(42, 21, 3, '2024-07-18 20:32:40', '2024-07-18 20:32:40'),
(43, 22, 4, '2024-07-18 20:32:40', '2024-07-18 20:32:40'),
(44, 22, 6, '2024-07-18 20:32:40', '2024-07-18 20:32:40'),
(45, 23, 4, '2024-07-18 20:32:40', '2024-07-18 20:32:40'),
(46, 23, 7, '2024-07-18 20:32:40', '2024-07-18 20:32:40'),
(47, 24, 4, '2024-07-18 20:32:40', '2024-07-18 20:32:40'),
(48, 24, 8, '2024-07-18 20:32:40', '2024-07-18 20:32:40'),
(49, 25, 10, '2024-07-18 20:32:40', '2024-07-18 20:32:40'),
(50, 25, 2, '2024-07-18 20:32:40', '2024-07-18 20:32:40'),
(51, 26, 10, '2024-07-18 20:32:40', '2024-07-18 20:32:40'),
(52, 26, 3, '2024-07-18 20:32:40', '2024-07-18 20:32:40'),
(53, 27, 10, '2024-07-18 20:32:40', '2024-07-18 20:32:40'),
(54, 27, 8, '2024-07-18 20:32:40', '2024-07-18 20:32:40'),
(55, 28, 10, '2024-07-18 20:32:40', '2024-07-18 20:32:40'),
(56, 29, 7, '2024-07-18 20:32:40', '2024-07-18 20:32:40'),
(57, 29, 1, '2024-07-18 20:32:40', '2024-07-18 20:32:40');

-- --------------------------------------------------------

--
-- 資料表結構 `tag`
--

CREATE TABLE `tag` (
  `tag_id` int NOT NULL,
  `tag_name` varchar(255) NOT NULL,
  `created_at` datetime NOT NULL,
  `updated_at` datetime NOT NULL
) ENGINE=InnoDB DEFAULT CHARSET=utf8mb3;

--
-- 傾印資料表的資料 `tag`
--

INSERT INTO `tag` (`tag_id`, `tag_name`, `created_at`, `updated_at`) VALUES
(1, '草皮', '2024-07-18 20:32:41', '2024-07-18 20:32:41'),
(2, '遠景', '2024-07-18 20:32:41', '2024-07-18 20:32:41'),
(3, '獨立包區', '2024-07-18 20:32:41', '2024-07-18 20:32:41'),
(4, '森林系', '2024-07-18 20:32:41', '2024-07-18 20:32:41'),
(5, '櫻花祭', '2024-07-18 20:32:41', '2024-07-18 20:32:41'),
(6, '親子同遊', '2024-07-18 20:32:41', '2024-07-18 20:32:41'),
(7, '雨棚', '2024-07-18 20:32:41', '2024-07-18 20:32:41'),
(8, '小木屋', '2024-07-18 20:32:41', '2024-07-18 20:32:41'),
(9, '山景雲海', '2024-07-18 20:32:41', '2024-07-18 20:32:41'),
(10, '海景', '2024-07-18 20:32:41', '2024-07-18 20:32:41');

--
-- 已傾印資料表的索引
--

--
-- 資料表索引 `achievements`
--
ALTER TABLE `achievements`
  ADD PRIMARY KEY (`id`);

--
-- 資料表索引 `admin`
--
ALTER TABLE `admin`
  ADD PRIMARY KEY (`id`);

--
-- 資料表索引 `blog`
--
ALTER TABLE `blog`
  ADD PRIMARY KEY (`id`),
  ADD UNIQUE KEY `title` (`title`);

--
-- 資料表索引 `blog_category`
--
ALTER TABLE `blog_category`
  ADD PRIMARY KEY (`id`),
  ADD KEY `blog_id` (`blog_id`),
  ADD KEY `blog_category_id` (`blog_category_id`) USING BTREE;

--
-- 資料表索引 `blog_category_name`
--
ALTER TABLE `blog_category_name`
  ADD PRIMARY KEY (`id`);

--
-- 資料表索引 `blog_comment`
--
ALTER TABLE `blog_comment`
  ADD PRIMARY KEY (`id`),
  ADD KEY `customer_id` (`customer_id`),
  ADD KEY `blog_id` (`blog_id`,`customer_id`) USING BTREE;

--
-- 資料表索引 `blog_comment_img`
--
ALTER TABLE `blog_comment_img`
  ADD PRIMARY KEY (`id`),
  ADD UNIQUE KEY `blog_comment_id` (`blog_comment_id`);

--
-- 資料表索引 `blog_img`
--
ALTER TABLE `blog_img`
  ADD PRIMARY KEY (`id`),
  ADD UNIQUE KEY `blog_id_2` (`blog_id`),
  ADD KEY `blog_id` (`blog_id`);

--
-- 資料表索引 `booking_dates`
--
ALTER TABLE `booking_dates`
  ADD PRIMARY KEY (`booking_dates_id`);

--
-- 資料表索引 `comment`
--
ALTER TABLE `comment`
  ADD PRIMARY KEY (`id`);

--
-- 資料表索引 `coupon`
--
ALTER TABLE `coupon`
  ADD PRIMARY KEY (`id`);

--
-- 資料表索引 `couponbag`
--
ALTER TABLE `couponbag`
  ADD PRIMARY KEY (`id`);

--
-- 資料表索引 `customer`
--
ALTER TABLE `customer`
  ADD PRIMARY KEY (`id`);

--
-- 資料表索引 `donation`
--
ALTER TABLE `donation`
  ADD PRIMARY KEY (`id`);

--
-- 資料表索引 `donationbag`
--
ALTER TABLE `donationbag`
  ADD PRIMARY KEY (`id`);

--
-- 資料表索引 `favorite`
--
ALTER TABLE `favorite`
  ADD PRIMARY KEY (`id`);

--
-- 資料表索引 `favorite_blog`
--
ALTER TABLE `favorite_blog`
  ADD PRIMARY KEY (`id`),
  ADD UNIQUE KEY `customer_id` (`customer_id`,`blog_id`),
  ADD KEY `blog_id` (`blog_id`);

--
-- 資料表索引 `home_blog`
--
ALTER TABLE `home_blog`
  ADD PRIMARY KEY (`id`);

--
-- 資料表索引 `likes_blog`
--
ALTER TABLE `likes_blog`
  ADD PRIMARY KEY (`id`),
  ADD UNIQUE KEY `customer_id` (`customer_id`,`blog_id`),
  ADD KEY `blog_id` (`blog_id`);

--
-- 資料表索引 `orders`
--
ALTER TABLE `orders`
  ADD PRIMARY KEY (`id`);

--
-- 資料表索引 `owners`
--
ALTER TABLE `owners`
  ADD PRIMARY KEY (`owners_id`);

--
-- 資料表索引 `purchase_item`
--
ALTER TABLE `purchase_item`
  ADD PRIMARY KEY (`id`);

--
-- 資料表索引 `purchase_order`
--
ALTER TABLE `purchase_order`
  ADD PRIMARY KEY (`id`);

--
-- 資料表索引 `rooms_campsites`
--
ALTER TABLE `rooms_campsites`
  ADD PRIMARY KEY (`rooms_campsites_id`);

--
-- 資料表索引 `room_campsite`
--
ALTER TABLE `room_campsite`
  ADD PRIMARY KEY (`rooms_campsites_id`);

--
-- 資料表索引 `sessions`
--
ALTER TABLE `sessions`
  ADD PRIMARY KEY (`session_id`);

--
-- 資料表索引 `shopping_cart`
--
ALTER TABLE `shopping_cart`
  ADD PRIMARY KEY (`id`);

--
-- 資料表索引 `store`
--
ALTER TABLE `store`
  ADD PRIMARY KEY (`stores_id`);

--
-- 資料表索引 `stores_img`
--
ALTER TABLE `stores_img`
  ADD PRIMARY KEY (`stores_img_id`);

--
-- 資料表索引 `stores_informations`
--
ALTER TABLE `stores_informations`
  ADD PRIMARY KEY (`stores_informations_ id`);

--
-- 資料表索引 `store_tag`
--
ALTER TABLE `store_tag`
  ADD PRIMARY KEY (`store_tag_id`);

--
-- 資料表索引 `tag`
--
ALTER TABLE `tag`
  ADD PRIMARY KEY (`tag_id`);

--
-- 在傾印的資料表使用自動遞增(AUTO_INCREMENT)
--

--
-- 使用資料表自動遞增(AUTO_INCREMENT) `achievements`
--
ALTER TABLE `achievements`
  MODIFY `id` int NOT NULL AUTO_INCREMENT, AUTO_INCREMENT=101;

--
-- 使用資料表自動遞增(AUTO_INCREMENT) `admin`
--
ALTER TABLE `admin`
  MODIFY `id` int NOT NULL AUTO_INCREMENT, AUTO_INCREMENT=2;

--
-- 使用資料表自動遞增(AUTO_INCREMENT) `blog`
--
ALTER TABLE `blog`
  MODIFY `id` int NOT NULL AUTO_INCREMENT, AUTO_INCREMENT=47;

--
-- 使用資料表自動遞增(AUTO_INCREMENT) `blog_category`
--
ALTER TABLE `blog_category`
  MODIFY `id` int NOT NULL AUTO_INCREMENT, AUTO_INCREMENT=72;

--
-- 使用資料表自動遞增(AUTO_INCREMENT) `blog_category_name`
--
ALTER TABLE `blog_category_name`
  MODIFY `id` int NOT NULL AUTO_INCREMENT, AUTO_INCREMENT=24;

--
-- 使用資料表自動遞增(AUTO_INCREMENT) `blog_comment`
--
ALTER TABLE `blog_comment`
  MODIFY `id` int NOT NULL AUTO_INCREMENT, AUTO_INCREMENT=7;

--
-- 使用資料表自動遞增(AUTO_INCREMENT) `blog_comment_img`
--
ALTER TABLE `blog_comment_img`
  MODIFY `id` int NOT NULL AUTO_INCREMENT, AUTO_INCREMENT=3;

--
-- 使用資料表自動遞增(AUTO_INCREMENT) `blog_img`
--
ALTER TABLE `blog_img`
  MODIFY `id` int NOT NULL AUTO_INCREMENT, AUTO_INCREMENT=27;

--
-- 使用資料表自動遞增(AUTO_INCREMENT) `booking_dates`
--
ALTER TABLE `booking_dates`
  MODIFY `booking_dates_id` int NOT NULL AUTO_INCREMENT;

--
-- 使用資料表自動遞增(AUTO_INCREMENT) `comment`
--
ALTER TABLE `comment`
  MODIFY `id` int NOT NULL AUTO_INCREMENT, AUTO_INCREMENT=30;

--
-- 使用資料表自動遞增(AUTO_INCREMENT) `coupon`
--
ALTER TABLE `coupon`
  MODIFY `id` int NOT NULL AUTO_INCREMENT, AUTO_INCREMENT=3;

--
-- 使用資料表自動遞增(AUTO_INCREMENT) `couponbag`
--
ALTER TABLE `couponbag`
  MODIFY `id` int NOT NULL AUTO_INCREMENT, AUTO_INCREMENT=8;

--
-- 使用資料表自動遞增(AUTO_INCREMENT) `customer`
--
ALTER TABLE `customer`
  MODIFY `id` int NOT NULL AUTO_INCREMENT, AUTO_INCREMENT=7;

--
-- 使用資料表自動遞增(AUTO_INCREMENT) `donation`
--
ALTER TABLE `donation`
  MODIFY `id` int NOT NULL AUTO_INCREMENT, AUTO_INCREMENT=5;

--
-- 使用資料表自動遞增(AUTO_INCREMENT) `donationbag`
--
ALTER TABLE `donationbag`
  MODIFY `id` int NOT NULL AUTO_INCREMENT, AUTO_INCREMENT=3;

--
-- 使用資料表自動遞增(AUTO_INCREMENT) `favorite`
--
ALTER TABLE `favorite`
  MODIFY `id` int NOT NULL AUTO_INCREMENT, AUTO_INCREMENT=37;

--
-- 使用資料表自動遞增(AUTO_INCREMENT) `favorite_blog`
--
ALTER TABLE `favorite_blog`
  MODIFY `id` int NOT NULL AUTO_INCREMENT, AUTO_INCREMENT=356;

--
-- 使用資料表自動遞增(AUTO_INCREMENT) `home_blog`
--
ALTER TABLE `home_blog`
  MODIFY `id` int NOT NULL AUTO_INCREMENT, AUTO_INCREMENT=10;

--
-- 使用資料表自動遞增(AUTO_INCREMENT) `likes_blog`
--
ALTER TABLE `likes_blog`
  MODIFY `id` int NOT NULL AUTO_INCREMENT, AUTO_INCREMENT=25;

--
-- 使用資料表自動遞增(AUTO_INCREMENT) `orders`
--
ALTER TABLE `orders`
  MODIFY `id` int NOT NULL AUTO_INCREMENT, AUTO_INCREMENT=28;

--
-- 使用資料表自動遞增(AUTO_INCREMENT) `owners`
--
ALTER TABLE `owners`
  MODIFY `owners_id` int NOT NULL AUTO_INCREMENT, AUTO_INCREMENT=55;

--
-- 使用資料表自動遞增(AUTO_INCREMENT) `purchase_item`
--
ALTER TABLE `purchase_item`
  MODIFY `id` int NOT NULL AUTO_INCREMENT, AUTO_INCREMENT=106;

--
-- 使用資料表自動遞增(AUTO_INCREMENT) `rooms_campsites`
--
ALTER TABLE `rooms_campsites`
  MODIFY `rooms_campsites_id` int NOT NULL AUTO_INCREMENT, AUTO_INCREMENT=57;

--
-- 使用資料表自動遞增(AUTO_INCREMENT) `room_campsite`
--
ALTER TABLE `room_campsite`
  MODIFY `rooms_campsites_id` int NOT NULL AUTO_INCREMENT;

--
-- 使用資料表自動遞增(AUTO_INCREMENT) `shopping_cart`
--
ALTER TABLE `shopping_cart`
  MODIFY `id` int NOT NULL AUTO_INCREMENT;

--
-- 使用資料表自動遞增(AUTO_INCREMENT) `store`
--
ALTER TABLE `store`
  MODIFY `stores_id` int NOT NULL AUTO_INCREMENT, AUTO_INCREMENT=30;

--
-- 使用資料表自動遞增(AUTO_INCREMENT) `stores_img`
--
ALTER TABLE `stores_img`
  MODIFY `stores_img_id` int NOT NULL AUTO_INCREMENT, AUTO_INCREMENT=30;

--
-- 使用資料表自動遞增(AUTO_INCREMENT) `stores_informations`
--
ALTER TABLE `stores_informations`
  MODIFY `stores_informations_ id` int NOT NULL AUTO_INCREMENT, AUTO_INCREMENT=4;

--
-- 使用資料表自動遞增(AUTO_INCREMENT) `store_tag`
--
ALTER TABLE `store_tag`
  MODIFY `store_tag_id` int NOT NULL AUTO_INCREMENT, AUTO_INCREMENT=58;

--
-- 使用資料表自動遞增(AUTO_INCREMENT) `tag`
--
ALTER TABLE `tag`
  MODIFY `tag_id` int NOT NULL AUTO_INCREMENT, AUTO_INCREMENT=11;

--
-- 已傾印資料表的限制式
--

--
-- 資料表的限制式 `blog_category`
--
ALTER TABLE `blog_category`
  ADD CONSTRAINT `blog_category_ibfk_1` FOREIGN KEY (`blog_id`) REFERENCES `blog` (`id`) ON DELETE CASCADE ON UPDATE CASCADE,
  ADD CONSTRAINT `blog_category_ibfk_2` FOREIGN KEY (`blog_category_id`) REFERENCES `blog_category_name` (`id`) ON DELETE CASCADE ON UPDATE CASCADE;

--
-- 資料表的限制式 `blog_comment`
--
ALTER TABLE `blog_comment`
  ADD CONSTRAINT `blog_comment_ibfk_1` FOREIGN KEY (`blog_id`) REFERENCES `blog` (`id`) ON DELETE CASCADE ON UPDATE CASCADE,
  ADD CONSTRAINT `blog_comment_ibfk_2` FOREIGN KEY (`customer_id`) REFERENCES `customer` (`id`) ON DELETE CASCADE ON UPDATE CASCADE;

--
-- 資料表的限制式 `blog_img`
--
ALTER TABLE `blog_img`
  ADD CONSTRAINT `blog_id` FOREIGN KEY (`blog_id`) REFERENCES `blog` (`id`) ON DELETE CASCADE ON UPDATE CASCADE;

--
-- 資料表的限制式 `favorite_blog`
--
ALTER TABLE `favorite_blog`
  ADD CONSTRAINT `favorite_blog_ibfk_1` FOREIGN KEY (`customer_id`) REFERENCES `customer` (`id`) ON DELETE CASCADE ON UPDATE CASCADE,
  ADD CONSTRAINT `favorite_blog_ibfk_2` FOREIGN KEY (`blog_id`) REFERENCES `blog` (`id`) ON DELETE CASCADE ON UPDATE CASCADE;
COMMIT;

/*!40101 SET CHARACTER_SET_CLIENT=@OLD_CHARACTER_SET_CLIENT */;
/*!40101 SET CHARACTER_SET_RESULTS=@OLD_CHARACTER_SET_RESULTS */;
/*!40101 SET COLLATION_CONNECTION=@OLD_COLLATION_CONNECTION */;
